BOWLING,Team,Match ,Match_Number,O,M,R,W,ECON,0s,4s,6s,WD,NB,BOWLING.1
Mohammed Shami,Gujarat Titans,Chennai Super Kings  vs Gujarat Titans,1,4,0,29,2,7.25,13,2,2,0,1,Mohammed Shami
Hardik Pandya,Gujarat Titans,Chennai Super Kings  vs Gujarat Titans,1,3,0,28,0,9.33,6,2,2,0,0,Hardik Pandya
Josh Little,Gujarat Titans,Chennai Super Kings  vs Gujarat Titans,1,4,0,41,1,10.25,10,4,3,0,0,Josh Little
Rashid Khan,Gujarat Titans,Chennai Super Kings  vs Gujarat Titans,1,4,0,26,2,6.5,10,2,1,0,0,Rashid Khan
Alzarri Joseph,Gujarat Titans,Chennai Super Kings  vs Gujarat Titans,1,4,0,33,2,8.25,8,0,3,0,0,Alzarri Joseph
Yash Dayal,Gujarat Titans,Chennai Super Kings  vs Gujarat Titans,1,1,0,14,0,14,2,0,2,0,0,Yash Dayal
Deepak Chahar,Chennai Super Kings ,Chennai Super Kings  vs Gujarat Titans,1,4,0,29,0,7.25,9,1,2,0,0,Deepak Chahar
Tushar Deshpande,Chennai Super Kings ,Chennai Super Kings  vs Gujarat Titans,1,3.2,0,51,1,15.3,5,4,4,1,1,Tushar Deshpande
Rajvardhan Hangargekar,Chennai Super Kings ,Chennai Super Kings  vs Gujarat Titans,1,4,0,36,3,9,10,4,1,3,1,Rajvardhan Hangargekar
Mitchell Santner,Chennai Super Kings ,Chennai Super Kings  vs Gujarat Titans,1,4,0,32,0,8,7,5,0,0,0,Mitchell Santner
Ravindra Jadeja,Chennai Super Kings ,Chennai Super Kings  vs Gujarat Titans,1,4,0,28,1,7,9,1,1,0,0,Ravindra Jadeja
Umesh Yadav,Kolkata Knight Riders,Punjab Kings vs Kolkata Knight Riders ,2,4,0,27,1,6.75,11,2,1,0,0,Umesh Yadav
Tim Southee,Kolkata Knight Riders,Punjab Kings vs Kolkata Knight Riders ,2,4,0,54,2,13.5,7,6,3,0,0,Tim Southee
Sunil Narine,Kolkata Knight Riders,Punjab Kings vs Kolkata Knight Riders ,2,4,0,40,1,10,8,3,2,1,0,Sunil Narine
Varun Chakravarthy,Kolkata Knight Riders,Punjab Kings vs Kolkata Knight Riders ,2,4,0,26,1,6.5,10,2,1,1,0,Varun Chakravarthy
Shardul Thakur,Kolkata Knight Riders,Punjab Kings vs Kolkata Knight Riders ,2,4,0,43,0,10.75,7,4,2,0,1,Shardul Thakur
Sam Curran,Punjab Kings ,Punjab Kings vs Kolkata Knight Riders ,2,3,0,38,1,12.66,4,3,3,0,0,Sam Curran
Arshdeep Singh,Punjab Kings ,Punjab Kings vs Kolkata Knight Riders ,2,3,0,19,3,6.33,10,2,1,0,0,Arshdeep Singh
Nathan Ellis,Punjab Kings ,Punjab Kings vs Kolkata Knight Riders ,2,3,0,27,1,9,8,2,1,0,2,Nathan Ellis
Sikandar Raza,Punjab Kings ,Punjab Kings vs Kolkata Knight Riders ,2,3,0,25,1,8.33,5,3,0,1,0,Sikandar Raza
Rishi Dhawan,Punjab Kings ,Punjab Kings vs Kolkata Knight Riders ,2,1,0,15,0,15,2,2,1,0,0,Rishi Dhawan
Rahul Chahar,Punjab Kings ,Punjab Kings vs Kolkata Knight Riders ,2,2,0,12,1,6,5,0,1,0,0,Rahul Chahar
Harpreet Brar,Punjab Kings ,Punjab Kings vs Kolkata Knight Riders ,2,1,0,7,0,7,3,1,0,0,0,Harpreet Brar
Khaleel Ahmed,Delhi Capitals ,Lucknow Super Giants vs Delhi Capitals,3,4,0,30,2,7.5,15,3,2,1,0,Khaleel Ahmed
Mukesh Kumar,Delhi Capitals ,Lucknow Super Giants vs Delhi Capitals,3,4,0,34,0,8.5,5,0,2,1,0,Mukesh Kumar
Chetan Sakariya,Delhi Capitals ,Lucknow Super Giants vs Delhi Capitals,3,4,0,53,2,13.25,8,1,6,3,0,Chetan Sakariya
Axar Patel,Delhi Capitals ,Lucknow Super Giants vs Delhi Capitals,3,4,0,38,1,9.5,8,1,3,0,0,Axar Patel
Kuldeep Yadav,Delhi Capitals ,Lucknow Super Giants vs Delhi Capitals,3,4,0,35,1,8.75,7,0,3,0,0,Kuldeep Yadav
Kyle Mayers,Lucknow Super Giants ,Lucknow Super Giants vs Delhi Capitals,3,1,0,7,0,7,3,1,0,1,0,Kyle Mayers
Jaydev Unadkat,Lucknow Super Giants ,Lucknow Super Giants vs Delhi Capitals,3,3,0,39,0,13,3,5,0,2,0,Jaydev Unadkat
Krishnappa Gowtham,Lucknow Super Giants ,Lucknow Super Giants vs Delhi Capitals,3,4,0,23,0,5.75,9,2,0,1,0,Krishnappa Gowtham
Avesh Khan,Lucknow Super Giants ,Lucknow Super Giants vs Delhi Capitals,3,4,0,29,2,7.25,12,3,1,0,0,Avesh Khan
Mark Wood,Lucknow Super Giants ,Lucknow Super Giants vs Delhi Capitals,3,4,0,14,5,3.5,17,1,0,1,1,Mark Wood
Ravi Bishnoi,Lucknow Super Giants ,Lucknow Super Giants vs Delhi Capitals,3,4,0,31,2,7.75,8,3,1,0,0,Ravi Bishnoi
Bhuvneshwar Kumar,Sunrisers Hyderabad ,Rajasthan Royals vs Sunrisers Hyderabad,4,3,0,36,0,12,6,4,2,1,0,Bhuvneshwar Kumar
Fazalhaq Farooqi,Sunrisers Hyderabad ,Rajasthan Royals vs Sunrisers Hyderabad,4,4,0,41,2,10.25,11,7,0,0,0,Fazalhaq Farooqi
Washington Sundar,Sunrisers Hyderabad ,Rajasthan Royals vs Sunrisers Hyderabad,4,3,0,32,0,10.66,5,1,3,0,0,Washington Sundar
T Natarajan,Sunrisers Hyderabad ,Rajasthan Royals vs Sunrisers Hyderabad,4,3,0,23,2,7.66,7,4,0,0,0,T Natarajan
Adil Rashid,Sunrisers Hyderabad ,Rajasthan Royals vs Sunrisers Hyderabad,4,4,0,33,0,8.25,6,1,2,0,0,Adil Rashid
Umran Malik,Sunrisers Hyderabad ,Rajasthan Royals vs Sunrisers Hyderabad,4,3,0,32,1,10.66,4,4,1,1,0,Umran Malik
Trent Boult,Rajasthan Royals,Rajasthan Royals vs Sunrisers Hyderabad,4,4,1,21,2,5.25,15,2,1,0,0,Trent Boult
KM Asif,Rajasthan Royals,Rajasthan Royals vs Sunrisers Hyderabad,4,3,0,15,0,5,9,1,0,1,0,KM Asif
Jason Holder,Rajasthan Royals,Rajasthan Royals vs Sunrisers Hyderabad,4,3,0,16,1,5.33,10,1,1,0,0,Jason Holder
Ravichandran Ashwin,Rajasthan Royals,Rajasthan Royals vs Sunrisers Hyderabad,4,4,0,27,1,6.75,10,1,1,2,0,Ravichandran Ashwin
Yuzvendra Chahal,Rajasthan Royals,Rajasthan Royals vs Sunrisers Hyderabad,4,4,0,17,4,4.25,11,0,0,0,0,Yuzvendra Chahal
Navdeep Saini,Rajasthan Royals,Rajasthan Royals vs Sunrisers Hyderabad,4,2,0,34,0,17,3,3,2,0,3,Navdeep Saini
Mohammed Siraj,Royal Challengers Bangalore, Mumbai Indians vs Royal Challengers Bangalore,5,4,0,21,1,5.25,16,2,0,6,0,Mohammed Siraj
Reece Topley,Royal Challengers Bangalore, Mumbai Indians vs Royal Challengers Bangalore,5,2,0,14,1,7,7,3,0,0,0,Reece Topley
Akash Deep,Royal Challengers Bangalore, Mumbai Indians vs Royal Challengers Bangalore,5,3,0,29,1,9.66,7,2,2,0,0,Akash Deep
Harshal Patel,Royal Challengers Bangalore, Mumbai Indians vs Royal Challengers Bangalore,5,4,0,43,1,10.75,6,3,2,1,1,Harshal Patel
Karn Sharma,Royal Challengers Bangalore, Mumbai Indians vs Royal Challengers Bangalore,5,4,0,32,2,8,7,1,2,1,0,Karn Sharma
Michael Bracewell,Royal Challengers Bangalore, Mumbai Indians vs Royal Challengers Bangalore,5,2,0,16,1,8,6,3,0,0,0,Michael Bracewell
Glenn Maxwell,Royal Challengers Bangalore, Mumbai Indians vs Royal Challengers Bangalore,5,1,0,16,0,16,0,1,1,1,0,Glenn Maxwell
Jason Behrendorff,Mumbai Indians , Mumbai Indians vs Royal Challengers Bangalore,5,3,0,37,0,12.33,6,3,3,0,0,Jason Behrendorff
Arshad Khan,Mumbai Indians , Mumbai Indians vs Royal Challengers Bangalore,5,2.2,0,28,1,12,7,2,2,4,0,Arshad Khan
Jofra Archer,Mumbai Indians , Mumbai Indians vs Royal Challengers Bangalore,5,4,0,33,0,8.25,10,2,2,0,0,Jofra Archer
Piyush Chawla,Mumbai Indians , Mumbai Indians vs Royal Challengers Bangalore,5,4,0,26,0,6.5,11,2,1,0,0,Piyush Chawla
Cameron Green,Mumbai Indians , Mumbai Indians vs Royal Challengers Bangalore,5,2,0,30,1,15,4,2,3,0,0,Cameron Green
Hrithik Shokeen,Mumbai Indians , Mumbai Indians vs Royal Challengers Bangalore,5,1,0,17,0,17,0,0,2,0,0,Hrithik Shokeen
Kyle Mayers,Lucknow Super Giants ,Chennai Super Kings vs Lucknow Super Giants,6,2,0,16,0,8,1,1,0,1,0,Krunal Pandya
Avesh Khan,Lucknow Super Giants ,Chennai Super Kings vs Lucknow Super Giants,6,3,0,39,1,13,4,6,0,1,0,Yash Thakur
Krunal Pandya,Lucknow Super Giants ,Chennai Super Kings vs Lucknow Super Giants,6,2,0,21,0,10.5,4,1,2,0,0,Ben Stokes
Krishnappa Gowtham,Lucknow Super Giants ,Chennai Super Kings vs Lucknow Super Giants,6,1,0,20,0,20,2,0,3,0,0,Moeen Ali
Mark Wood,Lucknow Super Giants ,Chennai Super Kings vs Lucknow Super Giants,6,4,0,49,3,12.25,9,3,5,0,0,Anrich Nortje
Yash Thakur,Lucknow Super Giants ,Chennai Super Kings vs Lucknow Super Giants,6,4,0,36,0,9,4,3,1,0,1,Mitchell Marsh
Ravi Bishnoi,Lucknow Super Giants ,Chennai Super Kings vs Lucknow Super Giants,6,4,0,28,3,7,13,1,2,1,0,David Willey
Deepak Chahar,Chennai Super Kings ,Chennai Super Kings vs Lucknow Super Giants,6,4,0,55,0,13.75,6,7,1,5,0,Shahbaz Ahmed
Ben Stokes,Chennai Super Kings ,Chennai Super Kings vs Lucknow Super Giants,6,1,0,18,0,18,0,2,1,0,0,Suyash Sharma
Tushar Deshpande,Chennai Super Kings ,Chennai Super Kings vs Lucknow Super Giants,6,4,0,45,2,11.25,7,2,2,4,3,Deepak Hooda
Moeen Ali,Chennai Super Kings ,Chennai Super Kings vs Lucknow Super Giants,6,4,0,26,4,6.5,10,0,1,1,0,Amit Mishra
Mitchell Santner,Chennai Super Kings ,Chennai Super Kings vs Lucknow Super Giants,6,4,0,21,1,5.25,9,0,1,0,0,Aiden Markram
Rajvardhan Hangargekar,Chennai Super Kings ,Chennai Super Kings vs Lucknow Super Giants,6,2,0,24,0,12,4,2,1,3,0,Rovman Powell
Ravindra Jadeja,Chennai Super Kings ,Chennai Super Kings vs Lucknow Super Giants,6,1,0,14,0,14,2,0,2,0,0,Sandeep Sharma
Mohammed Shami,Gujarat Titans,Delhi Capitals vs Gujarat Titans,7,4,0,41,3,10.25,15,5,1,4,0,Murugan Ashwin
Josh Little,Gujarat Titans,Delhi Capitals vs Gujarat Titans,7,4,0,27,0,6.75,11,2,1,0,0,Sisanda Magala
Hardik Pandya,Gujarat Titans,Delhi Capitals vs Gujarat Titans,7,3,0,18,0,6,6,2,0,0,0,Dwaine Pretorius
Alzarri Joseph,Gujarat Titans,Delhi Capitals vs Gujarat Titans,7,4,0,29,2,7.25,13,3,1,1,0,Kumar Kartikeya
Yash Dayal,Gujarat Titans,Delhi Capitals vs Gujarat Titans,7,1,0,12,0,12,0,0,1,0,0,Lockie Ferguson
Rashid Khan,Gujarat Titans,Delhi Capitals vs Gujarat Titans,7,4,0,31,3,7.75,9,2,2,0,0,Marco Jansen
Khaleel Ahmed,Delhi Capitals ,Delhi Capitals vs Gujarat Titans,7,4,0,38,1,9.5,9,5,1,1,0,Mayank Markande
Mukesh Kumar,Delhi Capitals ,Delhi Capitals vs Gujarat Titans,7,4,0,42,0,10.5,8,5,2,1,0,Mohit Rathee
Anrich Nortje,Delhi Capitals ,Delhi Capitals vs Gujarat Titans,7,4,0,39,2,9.75,9,3,2,0,2,Wayne Parnell
Mitchell Marsh,Delhi Capitals ,Delhi Capitals vs Gujarat Titans,7,3.1,0,24,1,7.57,4,1,0,1,0,Riley Meredith
Kuldeep Yadav,Delhi Capitals ,Delhi Capitals vs Gujarat Titans,7,3,0,18,0,6,5,1,0,1,0,Tilak Varma
Trent Boult,Rajasthan Royals,Rajasthan Royals vs Punjab Kings ,8,4,0,38,0,9.5,8,3,2,1,0,Mustafizur Rahman
KM Asif,Rajasthan Royals,Rajasthan Royals vs Punjab Kings ,8,4,0,54,0,13.5,7,5,3,3,1,Lalit Yadav
Ravichandran Ashwin,Rajasthan Royals,Rajasthan Royals vs Punjab Kings ,8,4,0,25,1,6.25,7,2,0,1,0,Akash Singh
Jason Holder,Rajasthan Royals,Rajasthan Royals vs Punjab Kings ,8,4,0,29,2,7.25,7,2,1,0,0,Maheesh Theekshana
Yuzvendra Chahal,Rajasthan Royals,Rajasthan Royals vs Punjab Kings ,8,4,0,50,1,12.5,5,7,1,1,0,Kuldeep Sen
Sam Curran,Punjab Kings ,Rajasthan Royals vs Punjab Kings ,8,4,0,44,0,11,7,3,3,0,0,Adam Zampa
Arshdeep Singh,Punjab Kings ,Rajasthan Royals vs Punjab Kings ,8,4,0,47,2,11.75,10,4,3,3,0,Mohit Sharma
Harpreet Brar,Punjab Kings ,Rajasthan Royals vs Punjab Kings ,8,2,0,15,0,7.5,5,2,0,0,0,Kagiso Rabada
Nathan Ellis,Punjab Kings ,Rajasthan Royals vs Punjab Kings ,8,4,0,30,4,7.5,11,2,2,0,0,Matthew Short
Rahul Chahar,Punjab Kings ,Rajasthan Royals vs Punjab Kings ,8,4,0,31,0,7.75,5,1,1,0,0,Andre Russell
Sikandar Raza,Punjab Kings ,Rajasthan Royals vs Punjab Kings ,8,2,0,24,0,12,2,1,1,2,0,Vijaykumar Vyshak
Mohammed Siraj,Royal Challengers Bangalore,Royal Challengers Bangalore vs Kolkata Knight Riders,9,4,0,44,1,11,13,6,1,3,1,Wanindu Hasaranga
David Willey,Royal Challengers Bangalore,Royal Challengers Bangalore vs Kolkata Knight Riders,9,4,1,16,2,4,15,2,0,1,0,Yudhvir Singh
Akash Deep,Royal Challengers Bangalore,Royal Challengers Bangalore vs Kolkata Knight Riders,9,2,0,30,0,15,4,2,2,1,2,Arjun Tendulkar
Michael Bracewell,Royal Challengers Bangalore,Royal Challengers Bangalore vs Kolkata Knight Riders,9,3,0,34,1,11.33,3,1,3,0,0,Duan Jansen
Shahbaz Ahmed,Royal Challengers Bangalore,Royal Challengers Bangalore vs Kolkata Knight Riders,9,1,0,6,0,6,3,1,0,0,0,Noor Ahmad
Karn Sharma,Royal Challengers Bangalore,Royal Challengers Bangalore vs Kolkata Knight Riders,9,3,0,26,2,8.66,6,2,1,0,0,Matheesha Pathirana
Harshal Patel,Royal Challengers Bangalore,Royal Challengers Bangalore vs Kolkata Knight Riders,9,3,0,38,1,12.66,5,4,2,1,0,Naveen-ul-Haq
Umesh Yadav,Kolkata Knight Riders,Royal Challengers Bangalore vs Kolkata Knight Riders,9,2,0,17,0,8.5,5,3,0,0,0,Marcus Stoinis
Tim Southee,Kolkata Knight Riders,Royal Challengers Bangalore vs Kolkata Knight Riders,9,2,0,25,0,12.5,5,2,2,0,0,Liam Livingstone
Sunil Narine,Kolkata Knight Riders,Royal Challengers Bangalore vs Kolkata Knight Riders,9,4,0,16,2,4,12,1,0,0,0,Ishant Sharma
Varun Chakravarthy,Kolkata Knight Riders,Royal Challengers Bangalore vs Kolkata Knight Riders,9,3.4,0,15,4,4.09,13,2,0,0,0,Kulwant Khejroliya
Suyash Sharma,Kolkata Knight Riders,Royal Challengers Bangalore vs Kolkata Knight Riders,9,4,0,30,3,7.5,11,2,2,1,0,Anukul Roy
Shardul Thakur,Kolkata Knight Riders,Royal Challengers Bangalore vs Kolkata Knight Riders,9,2,0,15,1,7.5,4,2,0,0,0,Nitish Rana
Kyle Mayers,Lucknow Super Giants ,Lucknow Super Giants vs Sunrisers Hyderabad ,10,1,0,5,0,5,1,0,0,0,0,Mayank Dagar
Jaydev Unadkat,Lucknow Super Giants ,Lucknow Super Giants vs Sunrisers Hyderabad ,10,3,0,26,0,8.66,9,0,3,1,0,Jayant Yadav
Krunal Pandya,Lucknow Super Giants ,Lucknow Super Giants vs Sunrisers Hyderabad ,10,4,0,18,3,4.5,15,3,0,0,0,Rahul Tewatia
Yash Thakur,Lucknow Super Giants ,Lucknow Super Giants vs Sunrisers Hyderabad ,10,3,0,23,1,7.66,6,3,0,0,0,David Wiese
Ravi Bishnoi,Lucknow Super Giants ,Lucknow Super Giants vs Sunrisers Hyderabad ,10,4,0,16,1,4,10,0,0,1,0,Vaibhav Arora
Deepak Hooda,Lucknow Super Giants ,Lucknow Super Giants vs Sunrisers Hyderabad ,10,1,0,8,0,8,1,1,0,0,0,Kuldip Yadav
Amit Mishra,Lucknow Super Giants ,Lucknow Super Giants vs Sunrisers Hyderabad ,10,4,0,23,2,5.75,10,3,0,0,0,Gurnoor Brar
Bhuvneshwar Kumar,Sunrisers Hyderabad ,Lucknow Super Giants vs Sunrisers Hyderabad ,10,2,0,19,1,9.5,7,1,1,1,0,Ayush Badoni
Washington Sundar,Sunrisers Hyderabad ,Lucknow Super Giants vs Sunrisers Hyderabad ,10,1,0,11,0,11,1,2,0,0,0,Harshit Rana
Fazalhaq Farooqi,Sunrisers Hyderabad ,Lucknow Super Giants vs Sunrisers Hyderabad ,10,3,0,13,1,4.33,12,2,0,1,0,Akeal Hosein
Aiden Markram,Sunrisers Hyderabad ,Lucknow Super Giants vs Sunrisers Hyderabad ,10,2,0,14,0,7,5,2,0,0,0,Abhishek Sharma
Adil Rashid,Sunrisers Hyderabad ,Lucknow Super Giants vs Sunrisers Hyderabad ,10,3,0,23,2,7.66,8,2,1,0,0,Josh Hazlewood
T Natarajan,Sunrisers Hyderabad ,Lucknow Super Giants vs Sunrisers Hyderabad ,10,3,0,23,0,7.66,7,1,1,1,0,Mahipal Lomror
Umran Malik,Sunrisers Hyderabad ,Lucknow Super Giants vs Sunrisers Hyderabad ,10,2,0,22,1,11,7,3,0,2,0,"Chennai Super Kings Team: Ambati Rayudu, Ruturaj Gaikwad, Devon Conway, Ajinkya Rahane, Moeen Ali, Shivam Dube, Ravindra Jadeja, MS Dhoni (c)†, Matheesha Pathirana, Tushar Deshpande, Maheesh Theekshana, Deepak Chahar"
Khaleel Ahmed,Delhi Capitals ,Delhi Capitals vs Rajasthan Royals,11,2,0,31,0,15.5,3,6,0,2,0,0
Anrich Nortje,Delhi Capitals ,Delhi Capitals vs Rajasthan Royals,11,4,0,44,0,11,10,6,2,0,0,Akash Madhwal
Mukesh Kumar,Delhi Capitals ,Delhi Capitals vs Rajasthan Royals,11,4,0,36,2,9,8,3,2,0,0,Kartik Tyagi
Axar Patel,Delhi Capitals ,Delhi Capitals vs Rajasthan Royals,11,4,0,38,0,9.5,6,5,1,0,0,Raghav Goyal
Kuldeep Yadav,Delhi Capitals ,Delhi Capitals vs Rajasthan Royals,11,4,0,31,1,7.75,8,2,1,0,0,Tristan Stubbs
Rovman Powell,Delhi Capitals ,Delhi Capitals vs Rajasthan Royals,11,2,0,18,1,9,4,1,1,1,1,Mohsin Khan
Trent Boult,Rajasthan Royals,Delhi Capitals vs Rajasthan Royals,11,4,1,29,3,7.25,11,5,0,0,0,Swapnil Singh
Sandeep Sharma,Rajasthan Royals,Delhi Capitals vs Rajasthan Royals,11,4,0,20,1,5,11,2,0,1,0,Vivrant Sharma
Ravichandran Ashwin,Rajasthan Royals,Delhi Capitals vs Rajasthan Royals,11,4,0,25,2,6.25,10,2,0,3,0,Obed McCoy
Jason Holder,Rajasthan Royals,Delhi Capitals vs Rajasthan Royals,11,3,0,28,0,9.33,4,4,0,1,0,Chris Jordan
Yuzvendra Chahal,Rajasthan Royals,Delhi Capitals vs Rajasthan Royals,11,4,0,27,3,6.75,8,2,0,2,0,Joe Root
Murugan Ashwin,Rajasthan Royals,Delhi Capitals vs Rajasthan Royals,11,1,0,11,0,11,0,0,0,0,1,Glenn Phillips
Deepak Chahar,Chennai Super Kings ,Chennai Super Kings vs Mumbai Indians ,12,1,0,10,0,10,2,2,0,0,0,Praveen Dubey
Tushar Deshpande,Chennai Super Kings ,Chennai Super Kings vs Mumbai Indians ,12,3,0,31,2,10.33,9,2,3,1,0,Nitish Kumar Reddy
Sisanda Magala,Chennai Super Kings ,Chennai Super Kings vs Mumbai Indians ,12,4,0,37,1,9.25,4,5,0,0,0,Himanshu Sharma
Mitchell Santner,Chennai Super Kings ,Chennai Super Kings vs Mumbai Indians ,12,4,0,28,2,7,6,3,0,0,0,
Ravindra Jadeja,Chennai Super Kings ,Chennai Super Kings vs Mumbai Indians ,12,4,0,20,3,5,9,0,1,0,0,
Dwaine Pretorius,Chennai Super Kings ,Chennai Super Kings vs Mumbai Indians ,12,4,0,28,0,7,9,3,0,4,0,
Jason Behrendorff,Mumbai Indians ,Chennai Super Kings vs Mumbai Indians ,12,3,0,24,1,8,9,2,1,1,0,
Arshad Khan,Mumbai Indians ,Chennai Super Kings vs Mumbai Indians ,12,2.1,0,35,0,16.15,2,5,1,3,0,
Cameron Green,Mumbai Indians ,Chennai Super Kings vs Mumbai Indians ,12,3,0,20,0,6.66,6,0,1,1,0,
Piyush Chawla,Mumbai Indians ,Chennai Super Kings vs Mumbai Indians ,12,4,0,33,1,8.25,8,5,0,0,0,
Kumar Kartikeya,Mumbai Indians ,Chennai Super Kings vs Mumbai Indians ,12,4,0,24,1,6,6,0,1,0,0,
Hrithik Shokeen,Mumbai Indians ,Chennai Super Kings vs Mumbai Indians ,12,2,0,19,0,9.5,4,2,1,0,0,
Umesh Yadav,Kolkata Knight Riders,Kolkata Knight Riders vs Gujarat Titans,13,3,0,24,0,8,7,4,0,1,0,
Shardul Thakur,Kolkata Knight Riders,Kolkata Knight Riders vs Gujarat Titans,13,3,0,40,0,13.33,4,3,3,1,0,
Lockie Ferguson,Kolkata Knight Riders,Kolkata Knight Riders vs Gujarat Titans,13,4,0,40,0,10,8,3,2,1,1,
Sunil Narine,Kolkata Knight Riders,Kolkata Knight Riders vs Gujarat Titans,13,4,0,33,3,8.25,8,3,1,1,0,
Varun Chakravarthy,Kolkata Knight Riders,Kolkata Knight Riders vs Gujarat Titans,13,2,0,27,0,13.5,1,2,1,1,0,
Suyash Sharma,Kolkata Knight Riders,Kolkata Knight Riders vs Gujarat Titans,13,4,0,35,1,8.75,6,3,0,1,0,
Mohammed Shami,Gujarat Titans,Kolkata Knight Riders vs Gujarat Titans,13,4,0,28,1,7,10,2,1,0,0,
Josh Little,Gujarat Titans,Kolkata Knight Riders vs Gujarat Titans,13,4,0,45,1,11.25,9,4,3,3,0,
Alzarri Joseph,Gujarat Titans,Kolkata Knight Riders vs Gujarat Titans,13,4,0,27,2,6.75,14,2,2,0,0,
Yash Dayal,Gujarat Titans,Kolkata Knight Riders vs Gujarat Titans,13,4,0,69,0,17.25,4,3,8,0,0,
Rashid Khan,Gujarat Titans,Kolkata Knight Riders vs Gujarat Titans,13,4,0,37,3,9.25,6,4,1,0,0,
Bhuvneshwar Kumar,Sunrisers Hyderabad ,Sunrisers Hyderabad  vs  Punjab Kings ,14,4,0,33,1,8.25,13,6,0,3,0,
Marco Jansen,Sunrisers Hyderabad ,Sunrisers Hyderabad  vs  Punjab Kings ,14,3,1,16,2,5.33,14,2,1,1,0,
T Natarajan,Sunrisers Hyderabad ,Sunrisers Hyderabad  vs  Punjab Kings ,14,4,0,40,0,10,10,3,3,0,0,
Washington Sundar,Sunrisers Hyderabad ,Sunrisers Hyderabad  vs  Punjab Kings ,14,1,0,6,0,6,3,1,0,0,0,
Mayank Markande,Sunrisers Hyderabad ,Sunrisers Hyderabad  vs  Punjab Kings ,14,4,0,15,4,3.75,15,2,0,0,0,
Umran Malik,Sunrisers Hyderabad ,Sunrisers Hyderabad  vs  Punjab Kings ,14,4,0,32,2,8,14,3,2,1,0,
Sam Curran,Punjab Kings ,Sunrisers Hyderabad  vs  Punjab Kings ,14,3,0,14,0,4.66,8,1,0,0,0,
Arshdeep Singh,Punjab Kings ,Sunrisers Hyderabad  vs  Punjab Kings ,14,3,0,20,1,6.66,10,4,0,0,0,
Harpreet Brar,Punjab Kings ,Sunrisers Hyderabad  vs  Punjab Kings ,14,3.1,0,26,0,8.21,8,5,0,0,0,
Nathan Ellis,Punjab Kings ,Sunrisers Hyderabad  vs  Punjab Kings ,14,3,0,28,0,9.33,5,5,0,0,0,
Rahul Chahar,Punjab Kings ,Sunrisers Hyderabad  vs  Punjab Kings ,14,3,0,28,1,9.33,8,4,1,0,0,
Mohit Rathee,Punjab Kings ,Sunrisers Hyderabad  vs  Punjab Kings ,14,2,0,29,0,14.5,3,3,2,0,0,
Jaydev Unadkat,Lucknow Super Giants ,Lucknow Super Giants vs Royal Challengers Bangalore,15,2,0,27,0,13.5,3,2,2,1,0,
Avesh Khan,Lucknow Super Giants ,Lucknow Super Giants vs Royal Challengers Bangalore,15,4,0,53,0,13.25,8,5,4,0,0,
Krunal Pandya,Lucknow Super Giants ,Lucknow Super Giants vs Royal Challengers Bangalore,15,4,0,35,0,8.75,5,2,2,0,0,
Mark Wood,Lucknow Super Giants ,Lucknow Super Giants vs Royal Challengers Bangalore,15,4,1,32,1,8,12,1,3,2,0,
Ravi Bishnoi,Lucknow Super Giants ,Lucknow Super Giants vs Royal Challengers Bangalore,15,4,0,39,0,9.75,5,1,3,1,0,
Amit Mishra,Lucknow Super Giants ,Lucknow Super Giants vs Royal Challengers Bangalore,15,2,0,18,1,9,2,1,1,0,0,
Mohammed Siraj,Royal Challengers Bangalore,Lucknow Super Giants vs Royal Challengers Bangalore,15,4,0,22,3,5.5,16,3,0,4,0,
David Willey,Royal Challengers Bangalore,Lucknow Super Giants vs Royal Challengers Bangalore,15,4,0,32,0,8,6,2,1,1,0,
Wayne Parnell,Royal Challengers Bangalore,Lucknow Super Giants vs Royal Challengers Bangalore,15,4,0,41,3,10.25,6,5,1,3,0,
Harshal Patel,Royal Challengers Bangalore,Lucknow Super Giants vs Royal Challengers Bangalore,15,4,0,48,2,12,5,4,3,0,0,
Karn Sharma,Royal Challengers Bangalore,Lucknow Super Giants vs Royal Challengers Bangalore,15,3,0,48,1,16,5,3,5,1,0,
Shahbaz Ahmed,Royal Challengers Bangalore,Lucknow Super Giants vs Royal Challengers Bangalore,15,1,0,15,0,15,1,0,2,0,0,
Jason Behrendorff,Mumbai Indians ,Mumbai Indians vs Delhi Capitals ,16,3,0,23,3,7.66,8,1,2,0,0,
Arshad Khan,Mumbai Indians ,Mumbai Indians vs Delhi Capitals ,16,1,0,12,0,12,1,2,0,1,0,
Cameron Green,Mumbai Indians ,Mumbai Indians vs Delhi Capitals ,16,3,0,30,0,10,4,5,0,1,0,
Hrithik Shokeen,Mumbai Indians ,Mumbai Indians vs Delhi Capitals ,16,4,0,43,1,10.75,10,4,2,1,1,
Riley Meredith,Mumbai Indians ,Mumbai Indians vs Delhi Capitals ,16,3.4,0,34,2,9.27,10,5,1,0,1,
Piyush Chawla,Mumbai Indians ,Mumbai Indians vs Delhi Capitals ,16,4,0,22,3,5.5,9,2,0,0,0,
Tilak Varma,Mumbai Indians ,Mumbai Indians vs Delhi Capitals ,16,1,0,7,0,7,3,1,0,1,0,
Mukesh Kumar,Delhi Capitals ,Mumbai Indians vs Delhi Capitals ,16,2,0,30,2,15,6,3,3,0,0,
Mustafizur Rahman,Delhi Capitals ,Mumbai Indians vs Delhi Capitals ,16,4,0,38,1,9.5,11,5,2,0,0,
Anrich Nortje,Delhi Capitals ,Mumbai Indians vs Delhi Capitals ,16,4,0,35,0,8.75,8,2,2,0,0,
Lalit Yadav,Delhi Capitals ,Mumbai Indians vs Delhi Capitals ,16,4,0,23,0,5.75,10,1,1,1,0,
Axar Patel,Delhi Capitals ,Mumbai Indians vs Delhi Capitals ,16,4,0,20,0,5,12,2,0,1,0,
Kuldeep Yadav,Delhi Capitals ,Mumbai Indians vs Delhi Capitals ,16,2,0,23,0,11.5,2,1,2,0,0,
Akash Singh,Chennai Super Kings ,Chennai Super Kings vs  Rajasthan Royals,17,4,0,40,2,10,7,2,3,1,0,
Tushar Deshpande,Chennai Super Kings ,Chennai Super Kings vs  Rajasthan Royals,17,4,0,37,2,9.25,7,4,1,1,0,
Maheesh Theekshana,Chennai Super Kings ,Chennai Super Kings vs  Rajasthan Royals,17,4,0,42,0,10.5,4,5,1,0,0,
Ravindra Jadeja,Chennai Super Kings ,Chennai Super Kings vs  Rajasthan Royals,17,4,0,21,2,5.25,11,0,0,3,0,
Moeen Ali,Chennai Super Kings ,Chennai Super Kings vs  Rajasthan Royals,17,2,0,21,1,10.5,3,0,2,0,0,
Sisanda Magala,Chennai Super Kings ,Chennai Super Kings vs  Rajasthan Royals,17,2,0,14,0,7,2,0,0,1,0,
Sandeep Sharma,Rajasthan Royals,Chennai Super Kings vs  Rajasthan Royals,17,3,0,30,1,10,6,1,2,2,0,
Kuldeep Sen,Rajasthan Royals,Chennai Super Kings vs  Rajasthan Royals,17,2,0,8,0,4,4,0,0,0,0,
Jason Holder,Rajasthan Royals,Chennai Super Kings vs  Rajasthan Royals,17,3,0,37,0,12.33,4,4,2,1,0,
Adam Zampa,Rajasthan Royals,Chennai Super Kings vs  Rajasthan Royals,17,4,0,43,1,10.75,5,4,1,1,0,
Ravichandran Ashwin,Rajasthan Royals,Chennai Super Kings vs  Rajasthan Royals,17,4,0,25,2,6.25,10,1,1,2,0,
Yuzvendra Chahal,Rajasthan Royals,Chennai Super Kings vs  Rajasthan Royals,17,4,0,27,2,6.75,8,2,0,1,0,
Mohammed Shami,Gujarat Titans,Gujarat Titans vs Punjab Kings ,18,4,0,44,1,11,9,7,1,1,0,
Josh Little,Gujarat Titans,Gujarat Titans vs Punjab Kings ,18,4,0,31,1,7.75,11,3,1,3,0,
Alzarri Joseph,Gujarat Titans,Gujarat Titans vs Punjab Kings ,18,4,0,32,1,8,11,1,2,5,0,
Rashid Khan,Gujarat Titans,Gujarat Titans vs Punjab Kings ,18,4,0,26,1,6.5,13,3,1,0,0,
Mohit Sharma,Gujarat Titans,Gujarat Titans vs Punjab Kings ,18,4,0,18,2,4.5,12,2,0,0,0,
Arshdeep Singh,Punjab Kings ,Gujarat Titans vs Punjab Kings ,18,4,0,33,1,8.25,8,5,0,0,0,
Kagiso Rabada,Punjab Kings ,Gujarat Titans vs Punjab Kings ,18,4,0,36,1,9,11,5,1,0,0,
Harpreet Brar,Punjab Kings ,Gujarat Titans vs Punjab Kings ,18,4,0,20,1,5,8,1,0,0,0,
Sam Curran,Punjab Kings ,Gujarat Titans vs Punjab Kings ,18,3.5,0,25,1,6.52,7,2,0,0,0,
Rahul Chahar,Punjab Kings ,Gujarat Titans vs Punjab Kings ,18,3,0,24,0,8,4,3,0,0,0,
Matthew Short,Punjab Kings ,Gujarat Titans vs Punjab Kings ,18,1,0,8,0,8,1,1,0,0,0,
Umesh Yadav,Kolkata Knight Riders,Kolkata Knight Riders vs Sunrisers Hyderabad ,19,3,0,42,0,14,3,3,3,1,0,
Lockie Ferguson,Kolkata Knight Riders,Kolkata Knight Riders vs Sunrisers Hyderabad ,19,2,0,37,0,18.5,4,5,1,1,1,
Sunil Narine,Kolkata Knight Riders,Kolkata Knight Riders vs Sunrisers Hyderabad ,19,4,0,28,0,7,7,1,1,2,0,
Andre Russell,Kolkata Knight Riders,Kolkata Knight Riders vs Sunrisers Hyderabad ,19,2.1,0,22,3,10.15,4,2,1,2,0,
Varun Chakravarthy,Kolkata Knight Riders,Kolkata Knight Riders vs Sunrisers Hyderabad ,19,4,0,41,1,10.25,4,3,2,1,0,
Suyash Sharma,Kolkata Knight Riders,Kolkata Knight Riders vs Sunrisers Hyderabad ,19,4,0,44,0,11,8,4,3,0,0,
Shardul Thakur,Kolkata Knight Riders,Kolkata Knight Riders vs Sunrisers Hyderabad ,19,0.5,0,14,0,16.8,0,3,0,0,0,
Bhuvneshwar Kumar,Sunrisers Hyderabad ,Kolkata Knight Riders vs Sunrisers Hyderabad ,19,4,1,29,1,7.25,10,4,0,1,0,
Marco Jansen,Sunrisers Hyderabad ,Kolkata Knight Riders vs Sunrisers Hyderabad ,19,4,0,37,2,9.25,12,1,3,4,2,
T Natarajan,Sunrisers Hyderabad ,Kolkata Knight Riders vs Sunrisers Hyderabad ,19,4,0,54,1,13.5,6,6,3,1,0,
Umran Malik,Sunrisers Hyderabad ,Kolkata Knight Riders vs Sunrisers Hyderabad ,19,2,0,36,1,18,3,4,3,0,0,
Mayank Markande,Sunrisers Hyderabad ,Kolkata Knight Riders vs Sunrisers Hyderabad ,19,4,0,27,2,6.75,10,2,1,0,0,
Washington Sundar,Sunrisers Hyderabad ,Kolkata Knight Riders vs Sunrisers Hyderabad ,19,2,0,20,0,10,2,1,1,0,0,
Anrich Nortje,Delhi Capitals ,Delhi Capitals vs Royal Challengers Bangalore,20,4,0,31,0,7.75,9,3,0,2,1,
Axar Patel,Delhi Capitals ,Delhi Capitals vs Royal Challengers Bangalore,20,3,0,25,1,8.33,9,0,3,0,0,
Mustafizur Rahman,Delhi Capitals ,Delhi Capitals vs Royal Challengers Bangalore,20,3,0,41,0,13.66,2,5,2,0,0,
Mitchell Marsh,Delhi Capitals ,Delhi Capitals vs Royal Challengers Bangalore,20,2,0,18,2,9,5,2,1,0,0,
Lalit Yadav,Delhi Capitals ,Delhi Capitals vs Royal Challengers Bangalore,20,4,0,29,1,7.25,7,0,2,1,0,
Kuldeep Yadav,Delhi Capitals ,Delhi Capitals vs Royal Challengers Bangalore,20,4,1,23,2,5.75,10,3,0,0,0,
Mohammed Siraj,Royal Challengers Bangalore,Delhi Capitals vs Royal Challengers Bangalore,20,4,0,23,2,5.75,14,4,0,0,0,
Wayne Parnell,Royal Challengers Bangalore,Delhi Capitals vs Royal Challengers Bangalore,20,4,0,28,1,7,10,3,1,0,0,
Vijaykumar Vyshak,Royal Challengers Bangalore,Delhi Capitals vs Royal Challengers Bangalore,20,4,0,20,3,5,11,2,0,0,0,
Shahbaz Ahmed,Royal Challengers Bangalore,Delhi Capitals vs Royal Challengers Bangalore,20,1,0,11,0,11,0,1,0,0,0,
Wanindu Hasaranga,Royal Challengers Bangalore,Delhi Capitals vs Royal Challengers Bangalore,20,3,0,37,1,12.33,4,5,1,0,0,
Harshal Patel,Royal Challengers Bangalore,Delhi Capitals vs Royal Challengers Bangalore,20,4,0,32,1,8,7,3,0,3,0,
Matthew Short,Punjab Kings ,Punjab Kings vs Lucknow Super Giants  ,21,2,0,10,0,5,7,0,1,0,0,
Arshdeep Singh,Punjab Kings ,Punjab Kings vs Lucknow Super Giants  ,21,3,0,22,1,7.33,7,3,0,1,0,
Kagiso Rabada,Punjab Kings ,Punjab Kings vs Lucknow Super Giants  ,21,4,0,34,2,8.5,11,2,2,2,0,
Sam Curran,Punjab Kings ,Punjab Kings vs Lucknow Super Giants  ,21,4,0,31,3,7.75,9,2,1,2,0,
Harpreet Brar,Punjab Kings ,Punjab Kings vs Lucknow Super Giants  ,21,2,0,10,1,5,6,1,0,0,0,
Sikandar Raza,Punjab Kings ,Punjab Kings vs Lucknow Super Giants  ,21,2,0,19,1,9.5,2,2,0,0,1,
Rahul Chahar,Punjab Kings ,Punjab Kings vs Lucknow Super Giants  ,21,3,0,28,0,9.33,5,1,2,1,0,
Yudhvir Singh,Lucknow Super Giants ,Punjab Kings vs Lucknow Super Giants  ,21,3,0,19,2,6.33,11,4,0,0,0,
Avesh Khan,Lucknow Super Giants ,Punjab Kings vs Lucknow Super Giants  ,21,3,0,24,0,8,8,4,0,1,0,
Mark Wood,Lucknow Super Giants ,Punjab Kings vs Lucknow Super Giants  ,21,4,0,35,2,8.75,10,2,2,2,0,
Krishnappa Gowtham,Lucknow Super Giants ,Punjab Kings vs Lucknow Super Giants  ,21,4,0,31,1,7.75,10,1,2,1,0,
Krunal Pandya,Lucknow Super Giants ,Punjab Kings vs Lucknow Super Giants  ,21,3,0,32,1,10.66,6,3,2,0,0,
Ravi Bishnoi,Lucknow Super Giants ,Punjab Kings vs Lucknow Super Giants  ,21,2.3,0,18,2,7.2,7,2,0,1,0,
Arjun Tendulkar,Mumbai Indians ,Mumbai Indians vs Kolkata Knight Riders,22,2,0,17,0,8.5,6,1,1,1,0,
Cameron Green,Mumbai Indians ,Mumbai Indians vs Kolkata Knight Riders,22,2,0,20,1,10,6,1,1,2,0,
Duan Jansen,Mumbai Indians ,Mumbai Indians vs Kolkata Knight Riders,22,4,0,53,1,13.25,6,3,4,4,0,
Piyush Chawla,Mumbai Indians ,Mumbai Indians vs Kolkata Knight Riders,22,4,0,19,1,4.75,10,1,0,0,0,
Hrithik Shokeen,Mumbai Indians ,Mumbai Indians vs Kolkata Knight Riders,22,4,0,34,2,8.5,7,3,1,1,0,
Riley Meredith,Mumbai Indians ,Mumbai Indians vs Kolkata Knight Riders,22,4,0,40,1,10,9,3,3,0,0,
Umesh Yadav,Kolkata Knight Riders,Mumbai Indians vs Kolkata Knight Riders,22,2,0,19,0,9.5,6,1,2,0,0,
Shardul Thakur,Kolkata Knight Riders,Mumbai Indians vs Kolkata Knight Riders,22,2,0,25,1,12.5,2,3,1,1,0,
Sunil Narine,Kolkata Knight Riders,Mumbai Indians vs Kolkata Knight Riders,22,3,0,41,0,13.66,4,3,3,1,0,
Suyash Sharma,Kolkata Knight Riders,Mumbai Indians vs Kolkata Knight Riders,22,4,0,27,2,6.75,11,3,1,0,0,
Varun Chakravarthy,Kolkata Knight Riders,Mumbai Indians vs Kolkata Knight Riders,22,4,0,38,1,9.5,10,2,3,1,0,
Lockie Ferguson,Kolkata Knight Riders,Mumbai Indians vs Kolkata Knight Riders,22,1.4,0,19,1,11.4,4,1,2,0,0,
Andre Russell,Kolkata Knight Riders,Mumbai Indians vs Kolkata Knight Riders,22,1,0,17,0,17,1,2,1,0,0,
Trent Boult,Rajasthan Royals,Rajasthan Royals vs Gujarat Titans,23,4,0,46,1,11.5,6,4,2,2,0,
Sandeep Sharma,Rajasthan Royals,Rajasthan Royals vs Gujarat Titans,23,4,0,25,2,6.25,10,3,0,1,0,
Adam Zampa,Rajasthan Royals,Rajasthan Royals vs Gujarat Titans,23,4,0,32,1,8,9,2,2,0,0,
Ravichandran Ashwin,Rajasthan Royals,Rajasthan Royals vs Gujarat Titans,23,4,0,37,0,9.25,5,4,1,0,0,
Yuzvendra Chahal,Rajasthan Royals,Rajasthan Royals vs Gujarat Titans,23,4,0,36,1,9,3,0,2,1,0,
Mohammed Shami,Gujarat Titans,Rajasthan Royals vs Gujarat Titans,23,4,1,25,3,6.25,18,1,3,1,0,
Hardik Pandya,Gujarat Titans,Rajasthan Royals vs Gujarat Titans,23,4,0,24,1,6,14,3,1,0,0,
Alzarri Joseph,Gujarat Titans,Rajasthan Royals vs Gujarat Titans,23,3,0,47,0,15.66,2,3,4,0,0,
Rashid Khan,Gujarat Titans,Rajasthan Royals vs Gujarat Titans,23,4,0,46,2,11.5,7,1,5,0,0,
Mohit Sharma,Gujarat Titans,Rajasthan Royals vs Gujarat Titans,23,2,0,7,0,3.5,5,0,0,0,0,
Noor Ahmad,Gujarat Titans,Rajasthan Royals vs Gujarat Titans,23,2.2,0,29,1,12.42,3,2,2,1,0,
Mohammed Siraj,Royal Challengers Bangalore,Royal Challengers Bangalore vs Chennai Super Kings ,24,4,0,30,1,7.5,10,1,2,1,0,
Wayne Parnell,Royal Challengers Bangalore,Royal Challengers Bangalore vs Chennai Super Kings ,24,4,0,48,1,12,7,3,4,0,0,
Vijaykumar Vyshak,Royal Challengers Bangalore,Royal Challengers Bangalore vs Chennai Super Kings ,24,4,0,62,1,15.5,3,5,5,0,0,
Glenn Maxwell,Royal Challengers Bangalore,Royal Challengers Bangalore vs Chennai Super Kings ,24,2.4,0,28,1,10.5,4,0,3,1,0,
Wanindu Hasaranga,Royal Challengers Bangalore,Royal Challengers Bangalore vs Chennai Super Kings ,24,2,0,21,1,10.5,1,1,1,0,0,
Harshal Patel,Royal Challengers Bangalore,Royal Challengers Bangalore vs Chennai Super Kings ,24,3.2,0,36,1,10.8,8,2,2,2,2,
Akash Singh,Chennai Super Kings ,Royal Challengers Bangalore vs Chennai Super Kings ,24,3,0,35,1,11.66,9,3,3,0,0,
Tushar Deshpande,Chennai Super Kings ,Royal Challengers Bangalore vs Chennai Super Kings ,24,4,0,45,3,11.25,9,5,2,3,0,
Maheesh Theekshana,Chennai Super Kings ,Royal Challengers Bangalore vs Chennai Super Kings ,24,4,0,41,1,10.25,4,1,3,1,0,
Ravindra Jadeja,Chennai Super Kings ,Royal Challengers Bangalore vs Chennai Super Kings ,24,4,0,37,0,9.25,3,0,3,0,0,
Matheesha Pathirana,Chennai Super Kings ,Royal Challengers Bangalore vs Chennai Super Kings ,24,4,0,42,2,10.5,9,3,3,2,0,
Moeen Ali,Chennai Super Kings ,Royal Challengers Bangalore vs Chennai Super Kings ,24,1,0,13,1,13,3,0,2,0,0,
Bhuvneshwar Kumar,Sunrisers Hyderabad ,Sunrisers Hyderabad vs Mumbai Indians ,25,4,0,31,1,7.75,8,1,2,0,0,
Marco Jansen,Sunrisers Hyderabad ,Sunrisers Hyderabad vs Mumbai Indians ,25,4,0,43,2,10.75,11,3,4,1,0,
Washington Sundar,Sunrisers Hyderabad ,Sunrisers Hyderabad vs Mumbai Indians ,25,4,0,33,0,8.25,10,4,1,0,0,
T Natarajan,Sunrisers Hyderabad ,Sunrisers Hyderabad vs Mumbai Indians ,25,4,0,50,1,12.5,3,7,1,0,0,
Mayank Markande,Sunrisers Hyderabad ,Sunrisers Hyderabad vs Mumbai Indians ,25,4,0,35,0,8.75,9,4,1,1,0,
Arjun Tendulkar,Mumbai Indians ,Sunrisers Hyderabad vs Mumbai Indians ,25,2.5,0,18,1,6.35,9,2,0,3,0,
Jason Behrendorff,Mumbai Indians ,Sunrisers Hyderabad vs Mumbai Indians ,25,4,0,37,2,9.25,7,5,0,1,0,
Riley Meredith,Mumbai Indians ,Sunrisers Hyderabad vs Mumbai Indians ,25,4,0,33,2,8.25,10,3,1,3,0,
Hrithik Shokeen,Mumbai Indians ,Sunrisers Hyderabad vs Mumbai Indians ,25,1,0,12,0,12,1,0,1,0,0,
Piyush Chawla,Mumbai Indians ,Sunrisers Hyderabad vs Mumbai Indians ,25,4,0,43,2,10.75,5,4,2,0,0,
Cameron Green,Mumbai Indians ,Sunrisers Hyderabad vs Mumbai Indians ,25,4,0,29,1,7.25,9,4,0,1,0,
Trent Boult,Rajasthan Royals,Rajasthan Royals vs Lucknow Super Giants ,26,4,1,16,1,4,18,1,1,0,0,
Sandeep Sharma,Rajasthan Royals,Rajasthan Royals vs Lucknow Super Giants ,26,4,0,32,1,8,8,4,0,0,1,
Ravichandran Ashwin,Rajasthan Royals,Rajasthan Royals vs Lucknow Super Giants ,26,4,0,23,2,5.75,9,2,0,1,0,
Yuzvendra Chahal,Rajasthan Royals,Rajasthan Royals vs Lucknow Super Giants ,26,4,0,41,0,10.25,5,3,2,0,0,
Jason Holder,Rajasthan Royals,Rajasthan Royals vs Lucknow Super Giants ,26,4,0,38,1,9.5,7,3,2,0,0,
Naveen-ul-Haq,Lucknow Super Giants ,Rajasthan Royals vs Lucknow Super Giants ,26,4,0,19,0,4.75,11,0,1,1,0,
Yudhvir Singh,Lucknow Super Giants ,Rajasthan Royals vs Lucknow Super Giants ,26,2,0,27,0,13.5,6,2,2,1,0,
Avesh Khan,Lucknow Super Giants ,Rajasthan Royals vs Lucknow Super Giants ,26,4,0,25,3,6.25,12,4,0,0,0,
Marcus Stoinis,Lucknow Super Giants ,Rajasthan Royals vs Lucknow Super Giants ,26,4,0,28,2,7,11,3,1,0,0,
Ravi Bishnoi,Lucknow Super Giants ,Rajasthan Royals vs Lucknow Super Giants ,26,4,0,25,0,6.25,8,2,0,0,1,
Amit Mishra,Lucknow Super Giants ,Rajasthan Royals vs Lucknow Super Giants ,26,2,0,15,0,7.5,3,2,0,0,0,
Arshdeep Singh,Punjab Kings ,Punjab Kings vs Royal Challengers Bangalore,27,4,0,34,1,8.5,8,5,0,1,0,
Harpreet Brar,Punjab Kings ,Punjab Kings vs Royal Challengers Bangalore,27,3,0,31,2,10.33,7,1,3,0,0,
Nathan Ellis,Punjab Kings ,Punjab Kings vs Royal Challengers Bangalore,27,4,0,41,1,10.25,8,2,3,1,0,
Sam Curran,Punjab Kings ,Punjab Kings vs Royal Challengers Bangalore,27,4,0,27,0,6.75,6,1,0,0,1,
Rahul Chahar,Punjab Kings ,Punjab Kings vs Royal Challengers Bangalore,27,4,0,24,0,6,7,2,0,0,0,
Liam Livingstone,Punjab Kings ,Punjab Kings vs Royal Challengers Bangalore,27,1,0,9,0,9,0,1,0,0,0,
Mohammed Siraj,Royal Challengers Bangalore,Punjab Kings vs Royal Challengers Bangalore,27,4,0,21,4,5.25,13,3,0,0,0,
Wayne Parnell,Royal Challengers Bangalore,Punjab Kings vs Royal Challengers Bangalore,27,3,0,32,1,10.66,9,1,4,0,0,
Wanindu Hasaranga,Royal Challengers Bangalore,Punjab Kings vs Royal Challengers Bangalore,27,4,0,39,2,9.75,7,2,3,0,0,
Vijaykumar Vyshak,Royal Challengers Bangalore,Punjab Kings vs Royal Challengers Bangalore,27,3,0,29,0,9.66,6,2,2,1,0,
Glenn Maxwell,Royal Challengers Bangalore,Punjab Kings vs Royal Challengers Bangalore,27,1,0,5,0,5,1,0,0,0,0,
Harshal Patel,Royal Challengers Bangalore,Punjab Kings vs Royal Challengers Bangalore,27,3.2,0,22,1,6.6,10,1,1,1,1,
Ishant Sharma,Delhi Capitals ,Delhi Capitals vs Kolkata Knight Riders,28,4,0,19,2,4.75,13,2,0,1,0,
Mukesh Kumar,Delhi Capitals ,Delhi Capitals vs Kolkata Knight Riders,28,4,0,34,1,8.5,15,2,3,4,0,
Anrich Nortje,Delhi Capitals ,Delhi Capitals vs Kolkata Knight Riders,28,4,0,20,2,5,16,3,0,2,0,
Axar Patel,Delhi Capitals ,Delhi Capitals vs Kolkata Knight Riders,28,3,0,13,2,4.33,12,2,0,0,0,
Mitchell Marsh,Delhi Capitals ,Delhi Capitals vs Kolkata Knight Riders,28,2,0,25,0,12.5,2,1,2,2,0,
Kuldeep Yadav,Delhi Capitals ,Delhi Capitals vs Kolkata Knight Riders,28,3,0,15,2,5,9,0,1,1,0,
Umesh Yadav,Kolkata Knight Riders,Delhi Capitals vs Kolkata Knight Riders,28,1,0,6,0,6,3,1,0,0,0,
Kulwant Khejroliya,Kolkata Knight Riders,Delhi Capitals vs Kolkata Knight Riders,28,1.2,0,20,0,15,2,3,0,0,1,
Andre Russell,Kolkata Knight Riders,Delhi Capitals vs Kolkata Knight Riders,28,1,0,12,0,12,3,2,0,0,1,
Sunil Narine,Kolkata Knight Riders,Delhi Capitals vs Kolkata Knight Riders,28,4,0,36,0,9,7,6,0,1,0,
Varun Chakravarthy,Kolkata Knight Riders,Delhi Capitals vs Kolkata Knight Riders,28,4,1,16,2,4,14,2,0,0,0,
Anukul Roy,Kolkata Knight Riders,Delhi Capitals vs Kolkata Knight Riders,28,4,0,19,2,4.75,13,2,0,2,0,
Nitish Rana,Kolkata Knight Riders,Delhi Capitals vs Kolkata Knight Riders,28,4,0,17,2,4.25,10,1,0,0,0,
Akash Singh,Chennai Super Kings ,Chennai Super Kings vs Sunrisers Hyderabad ,29,3,0,17,1,5.66,10,1,1,0,0,
Tushar Deshpande,Chennai Super Kings ,Chennai Super Kings vs Sunrisers Hyderabad ,29,3,0,26,0,8.66,7,4,0,1,0,
Maheesh Theekshana,Chennai Super Kings ,Chennai Super Kings vs Sunrisers Hyderabad ,29,4,0,27,1,6.75,5,2,0,0,0,
Moeen Ali,Chennai Super Kings ,Chennai Super Kings vs Sunrisers Hyderabad ,29,2,0,18,0,9,2,1,1,0,0,
Ravindra Jadeja,Chennai Super Kings ,Chennai Super Kings vs Sunrisers Hyderabad ,29,4,0,22,3,5.5,8,1,0,0,0,
Matheesha Pathirana,Chennai Super Kings ,Chennai Super Kings vs Sunrisers Hyderabad ,29,4,0,22,1,5.5,9,2,0,1,0,
Bhuvneshwar Kumar,Sunrisers Hyderabad ,Chennai Super Kings vs Sunrisers Hyderabad ,29,2,0,10,0,5,7,1,0,0,0,
Marco Jansen,Sunrisers Hyderabad ,Chennai Super Kings vs Sunrisers Hyderabad ,29,3,0,37,0,12.33,5,6,1,0,0,
Aiden Markram,Sunrisers Hyderabad ,Chennai Super Kings vs Sunrisers Hyderabad ,29,1,0,11,0,11,2,2,0,0,0,
Washington Sundar,Sunrisers Hyderabad ,Chennai Super Kings vs Sunrisers Hyderabad ,29,2.4,0,16,0,6,4,1,0,0,0,
Mayank Markande,Sunrisers Hyderabad ,Chennai Super Kings vs Sunrisers Hyderabad ,29,4,0,23,2,5.75,8,2,0,0,0,
Umran Malik,Sunrisers Hyderabad ,Chennai Super Kings vs Sunrisers Hyderabad ,29,3,0,18,0,6,8,2,0,0,0,
Mayank Dagar,Sunrisers Hyderabad ,Chennai Super Kings vs Sunrisers Hyderabad ,29,3,0,21,0,7,5,2,0,0,0,
Naveen-ul-Haq,Lucknow Super Giants ,Lucknow Super Giants vs Gujarat Titans,30,4,0,19,1,4.75,12,1,0,0,0,
Krunal Pandya,Lucknow Super Giants ,Lucknow Super Giants vs Gujarat Titans,30,4,0,16,2,4,13,1,0,0,0,
Avesh Khan,Lucknow Super Giants ,Lucknow Super Giants vs Gujarat Titans,30,3,0,21,0,7,6,2,0,0,0,
Ravi Bishnoi,Lucknow Super Giants ,Lucknow Super Giants vs Gujarat Titans,30,4,0,49,0,12.25,4,4,3,0,0,
Marcus Stoinis,Lucknow Super Giants ,Lucknow Super Giants vs Gujarat Titans,30,3,0,20,2,6.66,7,1,1,0,0,
Amit Mishra,Lucknow Super Giants ,Lucknow Super Giants vs Gujarat Titans,30,2,0,9,1,4.5,4,0,0,0,0,
Mohammed Shami,Gujarat Titans,Lucknow Super Giants vs Gujarat Titans,30,3,1,18,0,6,9,3,0,0,0,
Jayant Yadav,Gujarat Titans,Lucknow Super Giants vs Gujarat Titans,30,4,0,26,0,6.5,8,2,0,0,0,
Rashid Khan,Gujarat Titans,Lucknow Super Giants vs Gujarat Titans,30,4,0,33,1,8.25,9,4,1,0,0,
Mohit Sharma,Gujarat Titans,Lucknow Super Giants vs Gujarat Titans,30,3,0,17,2,5.66,5,1,0,0,0,
Noor Ahmad,Gujarat Titans,Lucknow Super Giants vs Gujarat Titans,30,4,0,18,2,4.5,13,1,0,0,0,
Hardik Pandya,Gujarat Titans,Lucknow Super Giants vs Gujarat Titans,30,1,0,7,0,7,2,1,0,0,0,
Rahul Tewatia,Gujarat Titans,Lucknow Super Giants vs Gujarat Titans,30,1,0,8,0,8,4,0,1,1,0,
Arjun Tendulkar,Mumbai Indians ,Mumbai Indians vs Punjab Kings ,31,3,0,48,1,16,4,6,2,4,1,
Jason Behrendorff,Mumbai Indians ,Mumbai Indians vs Punjab Kings ,31,3,0,41,1,13.66,6,2,4,1,0,
Cameron Green,Mumbai Indians ,Mumbai Indians vs Punjab Kings ,31,4,0,41,2,10.25,9,2,4,0,0,
Jofra Archer,Mumbai Indians ,Mumbai Indians vs Punjab Kings ,31,4,0,42,1,10.5,8,3,3,1,0,
Piyush Chawla,Mumbai Indians ,Mumbai Indians vs Punjab Kings ,31,3,0,15,2,5,12,2,0,1,0,
Hrithik Shokeen,Mumbai Indians ,Mumbai Indians vs Punjab Kings ,31,3,0,24,0,8,7,1,1,0,1,
Matthew Short,Punjab Kings ,Mumbai Indians vs Punjab Kings ,31,1,0,7,0,7,3,1,0,1,0,
Arshdeep Singh,Punjab Kings ,Mumbai Indians vs Punjab Kings ,31,4,0,29,4,7.25,12,2,2,1,0,
Harpreet Brar,Punjab Kings ,Mumbai Indians vs Punjab Kings ,31,2,0,15,0,7.5,5,1,1,0,0,
Sam Curran,Punjab Kings ,Mumbai Indians vs Punjab Kings ,31,3,0,41,0,13.66,2,3,3,1,0,
Nathan Ellis,Punjab Kings ,Mumbai Indians vs Punjab Kings ,31,4,0,44,1,11,5,2,3,0,0,
Rahul Chahar,Punjab Kings ,Mumbai Indians vs Punjab Kings ,31,4,0,42,0,10.5,4,4,2,0,0,
Liam Livingstone,Punjab Kings ,Mumbai Indians vs Punjab Kings ,31,2,0,23,1,11.5,2,4,0,0,0,
Trent Boult,Rajasthan Royals,Rajasthan Royals vs Royal Challengers Bangalore,32,4,0,41,2,10.25,8,6,0,1,0,
Sandeep Sharma,Rajasthan Royals,Rajasthan Royals vs Royal Challengers Bangalore,32,4,0,49,2,12.25,9,7,2,1,0,
Ravichandran Ashwin,Rajasthan Royals,Rajasthan Royals vs Royal Challengers Bangalore,32,4,0,36,1,9,7,2,2,1,0,
Yuzvendra Chahal,Rajasthan Royals,Rajasthan Royals vs Royal Challengers Bangalore,32,4,0,28,1,7,7,0,1,2,0,
Jason Holder,Rajasthan Royals,Rajasthan Royals vs Royal Challengers Bangalore,32,4,0,32,0,8,6,3,1,0,0,
Mohammed Siraj,Royal Challengers Bangalore,Rajasthan Royals vs Royal Challengers Bangalore,32,4,0,39,1,9.75,8,4,1,3,0,
David Willey,Royal Challengers Bangalore,Rajasthan Royals vs Royal Challengers Bangalore,32,4,0,26,1,6.5,11,2,1,1,0,
Vijaykumar Vyshak,Royal Challengers Bangalore,Rajasthan Royals vs Royal Challengers Bangalore,32,2,0,24,0,12,4,5,0,1,0,
Glenn Maxwell,Royal Challengers Bangalore,Rajasthan Royals vs Royal Challengers Bangalore,32,2,0,25,0,12.5,3,2,2,0,0,
Harshal Patel,Royal Challengers Bangalore,Rajasthan Royals vs Royal Challengers Bangalore,32,4,0,32,3,8,8,3,1,1,0,
Wanindu Hasaranga,Royal Challengers Bangalore,Rajasthan Royals vs Royal Challengers Bangalore,32,4,0,32,0,8,5,2,1,0,0,
Umesh Yadav,Kolkata Knight Riders,Kolkata Knight Riders vs Chennai Super Kings ,33,3,0,35,0,11.66,7,3,3,0,0,
David Wiese,Kolkata Knight Riders,Kolkata Knight Riders vs Chennai Super Kings ,33,3,0,38,0,12.66,3,3,2,0,0,
Varun Chakravarthy,Kolkata Knight Riders,Kolkata Knight Riders vs Chennai Super Kings ,33,4,0,49,1,12.25,8,2,5,0,0,
Kulwant Khejroliya,Kolkata Knight Riders,Kolkata Knight Riders vs Chennai Super Kings ,33,3,0,44,2,14.66,5,2,4,0,1,
Sunil Narine,Kolkata Knight Riders,Kolkata Knight Riders vs Chennai Super Kings ,33,2,0,23,0,11.5,3,1,2,0,0,
Suyash Sharma,Kolkata Knight Riders,Kolkata Knight Riders vs Chennai Super Kings ,33,4,0,29,1,7.25,8,2,1,0,0,
Andre Russell,Kolkata Knight Riders,Kolkata Knight Riders vs Chennai Super Kings ,33,1,0,17,0,17,0,1,1,2,0,
Akash Singh,Chennai Super Kings ,Kolkata Knight Riders vs Chennai Super Kings ,33,4,0,29,1,7.25,13,4,1,1,0,
Tushar Deshpande,Chennai Super Kings ,Kolkata Knight Riders vs Chennai Super Kings ,33,4,0,43,2,10.75,12,3,3,4,0,
Maheesh Theekshana,Chennai Super Kings ,Kolkata Knight Riders vs Chennai Super Kings ,33,4,0,32,2,8,8,3,1,1,0,
Moeen Ali,Chennai Super Kings ,Kolkata Knight Riders vs Chennai Super Kings ,33,1,0,20,1,20,1,0,3,0,0,
Ravindra Jadeja,Chennai Super Kings ,Kolkata Knight Riders vs Chennai Super Kings ,33,3,0,34,1,11.33,5,2,3,0,0,
Matheesha Pathirana,Chennai Super Kings ,Kolkata Knight Riders vs Chennai Super Kings ,33,4,0,27,1,6.75,11,2,1,3,0,
Bhuvneshwar Kumar,Sunrisers Hyderabad ,Sunrisers Hyderabad vs Delhi Capitals ,34,4,0,11,2,2.75,16,1,0,0,0,
Marco Jansen,Sunrisers Hyderabad ,Sunrisers Hyderabad vs Delhi Capitals ,34,2,0,27,0,13.5,4,4,1,0,0,
Washington Sundar,Sunrisers Hyderabad ,Sunrisers Hyderabad vs Delhi Capitals ,34,4,0,28,3,7,10,2,1,0,0,
T Natarajan,Sunrisers Hyderabad ,Sunrisers Hyderabad vs Delhi Capitals ,34,3,0,21,1,7,3,2,0,0,0,
Mayank Markande,Sunrisers Hyderabad ,Sunrisers Hyderabad vs Delhi Capitals ,34,4,0,34,0,8.5,7,4,0,1,0,
Umran Malik,Sunrisers Hyderabad ,Sunrisers Hyderabad vs Delhi Capitals ,34,2,0,14,0,7,4,2,0,0,0,
Aiden Markram,Sunrisers Hyderabad ,Sunrisers Hyderabad vs Delhi Capitals ,34,1,0,7,0,7,0,0,0,0,0,
Ishant Sharma,Delhi Capitals ,Sunrisers Hyderabad vs Delhi Capitals ,34,3,0,18,1,6,8,2,0,0,0,
Anrich Nortje,Delhi Capitals ,Sunrisers Hyderabad vs Delhi Capitals ,34,4,0,33,2,8.25,10,4,1,0,0,
Mukesh Kumar,Delhi Capitals ,Sunrisers Hyderabad vs Delhi Capitals ,34,3,0,27,0,9,4,4,0,0,0,
Axar Patel,Delhi Capitals ,Sunrisers Hyderabad vs Delhi Capitals ,34,4,0,21,2,5.25,8,1,0,0,0,
Kuldeep Yadav,Delhi Capitals ,Sunrisers Hyderabad vs Delhi Capitals ,34,4,0,22,1,5.5,6,1,0,0,0,
Mitchell Marsh,Delhi Capitals ,Sunrisers Hyderabad vs Delhi Capitals ,34,2,0,16,0,8,3,1,0,0,1,
Arjun Tendulkar,Mumbai Indians ,Mumbai Indians vs Gujarat Titans,35,2,0,9,1,4.5,7,0,0,0,0,
Jason Behrendorff,Mumbai Indians ,Mumbai Indians vs Gujarat Titans,35,4,0,37,1,9.25,8,2,2,2,0,
Riley Meredith,Mumbai Indians ,Mumbai Indians vs Gujarat Titans,35,4,0,49,1,12.25,6,4,3,2,0,
Cameron Green,Mumbai Indians ,Mumbai Indians vs Gujarat Titans,35,2,0,39,0,19.5,0,2,4,0,0,
Piyush Chawla,Mumbai Indians ,Mumbai Indians vs Gujarat Titans,35,4,0,34,2,8.5,7,3,1,1,0,
Kumar Kartikeya,Mumbai Indians ,Mumbai Indians vs Gujarat Titans,35,4,0,39,1,9.75,7,3,2,0,0,
Mohammed Shami,Gujarat Titans,Mumbai Indians vs Gujarat Titans,35,4,0,18,0,4.5,14,2,0,1,0,
Hardik Pandya,Gujarat Titans,Mumbai Indians vs Gujarat Titans,35,2,0,10,1,5,8,0,1,0,0,
Rashid Khan,Gujarat Titans,Mumbai Indians vs Gujarat Titans,35,4,0,27,2,6.75,10,2,1,0,0,
Noor Ahmad,Gujarat Titans,Mumbai Indians vs Gujarat Titans,35,4,0,37,3,9.25,10,2,3,0,0,
Mohit Sharma,Gujarat Titans,Mumbai Indians vs Gujarat Titans,35,4,0,38,2,9.5,7,1,3,0,0,
Josh Little,Gujarat Titans,Mumbai Indians vs Gujarat Titans,35,2,0,18,0,9,2,1,1,0,0,
Mohammed Siraj,Royal Challengers Bangalore,Royal Challengers Bangalore vs Kolkata Knight Riders,36,4,0,33,1,8.25,11,5,1,0,0,
David Willey,Royal Challengers Bangalore,Royal Challengers Bangalore vs Kolkata Knight Riders,36,3,0,31,0,10.33,5,4,1,1,0,
Wanindu Hasaranga,Royal Challengers Bangalore,Royal Challengers Bangalore vs Kolkata Knight Riders,36,4,0,24,2,6,10,3,0,0,0,
Shahbaz Ahmed,Royal Challengers Bangalore,Royal Challengers Bangalore vs Kolkata Knight Riders,36,1,0,25,0,25,1,0,4,0,0,
Vijaykumar Vyshak,Royal Challengers Bangalore,Royal Challengers Bangalore vs Kolkata Knight Riders,36,4,0,41,2,10.25,3,2,2,3,0,
Harshal Patel,Royal Challengers Bangalore,Royal Challengers Bangalore vs Kolkata Knight Riders,36,4,0,44,0,11,7,2,4,1,0,
Vaibhav Arora,Kolkata Knight Riders,Royal Challengers Bangalore vs Kolkata Knight Riders,36,2,0,22,0,11,3,3,0,1,0,
Umesh Yadav,Kolkata Knight Riders,Royal Challengers Bangalore vs Kolkata Knight Riders,36,1,0,19,0,19,0,1,2,0,0,
Suyash Sharma,Kolkata Knight Riders,Royal Challengers Bangalore vs Kolkata Knight Riders,36,4,0,30,2,7.5,5,3,0,1,0,
Varun Chakravarthy,Kolkata Knight Riders,Royal Challengers Bangalore vs Kolkata Knight Riders,36,4,0,27,3,6.75,9,2,1,0,0,
Andre Russell,Kolkata Knight Riders,Royal Challengers Bangalore vs Kolkata Knight Riders,36,4,0,29,2,7.25,11,1,2,0,0,
Sunil Narine,Kolkata Knight Riders,Royal Challengers Bangalore vs Kolkata Knight Riders,36,4,0,41,0,10.25,2,1,2,0,0,
Nitish Rana,Kolkata Knight Riders,Royal Challengers Bangalore vs Kolkata Knight Riders,36,1,0,8,0,8,1,1,0,0,0,
Akash Singh,Chennai Super Kings ,Chennai Super Kings vs Rajasthan Royals,37,2,0,32,0,16,3,6,1,0,0,
Tushar Deshpande,Chennai Super Kings ,Chennai Super Kings vs Rajasthan Royals,37,4,0,42,2,10.5,10,5,2,0,0,
Maheesh Theekshana,Chennai Super Kings ,Chennai Super Kings vs Rajasthan Royals,37,4,0,24,1,6,11,3,0,1,0,
Ravindra Jadeja,Chennai Super Kings ,Chennai Super Kings vs Rajasthan Royals,37,4,0,32,1,8,6,2,1,1,0,
Moeen Ali,Chennai Super Kings ,Chennai Super Kings vs Rajasthan Royals,37,2,0,17,0,8.5,2,0,1,0,0,
Matheesha Pathirana,Chennai Super Kings ,Chennai Super Kings vs Rajasthan Royals,37,4,0,48,0,12,5,5,1,2,0,
Sandeep Sharma,Rajasthan Royals,Chennai Super Kings vs Rajasthan Royals,37,4,0,24,0,6,10,3,0,0,0,
Kuldip Yadav,Rajasthan Royals,Chennai Super Kings vs Rajasthan Royals,37,3,0,18,1,6,4,1,0,0,0,
Jason Holder,Rajasthan Royals,Chennai Super Kings vs Rajasthan Royals,37,4,0,49,0,12.25,4,4,3,1,0,
Ravichandran Ashwin,Rajasthan Royals,Chennai Super Kings vs Rajasthan Royals,37,4,0,35,2,8.75,7,1,2,0,0,
Adam Zampa,Rajasthan Royals,Chennai Super Kings vs Rajasthan Royals,37,3,0,22,3,7.33,7,2,1,0,0,
Yuzvendra Chahal,Rajasthan Royals,Chennai Super Kings vs Rajasthan Royals,37,2,0,21,0,10.5,3,2,1,0,0,
Gurnoor Brar,Punjab Kings ,Punjab Kings vs Lucknow Super Giants ,38,3,0,42,0,14,7,4,3,1,2,
Arshdeep Singh,Punjab Kings ,Punjab Kings vs Lucknow Super Giants ,38,4,0,54,1,13.5,4,10,0,2,0,
Kagiso Rabada,Punjab Kings ,Punjab Kings vs Lucknow Super Giants ,38,4,0,52,2,13,12,3,5,2,2,
Sikandar Raza,Punjab Kings ,Punjab Kings vs Lucknow Super Giants ,38,1,0,17,0,17,2,1,2,0,0,
Rahul Chahar,Punjab Kings ,Punjab Kings vs Lucknow Super Giants ,38,4,0,29,0,7.25,8,2,1,0,0,
Sam Curran,Punjab Kings ,Punjab Kings vs Lucknow Super Giants ,38,3,0,38,1,12.66,5,4,2,0,0,
Liam Livingstone,Punjab Kings ,Punjab Kings vs Lucknow Super Giants ,38,1,0,19,1,19,1,3,1,0,0,
Marcus Stoinis,Lucknow Super Giants ,Punjab Kings vs Lucknow Super Giants ,38,1.5,0,21,1,11.45,5,2,1,4,0,
Kyle Mayers,Lucknow Super Giants ,Punjab Kings vs Lucknow Super Giants ,38,1,0,4,0,4,5,1,0,0,0,
Ayush Badoni,Lucknow Super Giants ,Punjab Kings vs Lucknow Super Giants ,38,0.1,0,0,0,0,1,0,0,0,0,
Naveen-ul-Haq,Lucknow Super Giants ,Punjab Kings vs Lucknow Super Giants ,38,4,0,30,3,7.5,11,2,0,1,1,
Avesh Khan,Lucknow Super Giants ,Punjab Kings vs Lucknow Super Giants ,38,2,0,28,0,14,1,3,1,0,0,
Amit Mishra,Lucknow Super Giants ,Punjab Kings vs Lucknow Super Giants ,38,2,0,23,0,11.5,1,2,1,0,0,
Ravi Bishnoi,Lucknow Super Giants ,Punjab Kings vs Lucknow Super Giants ,38,4,0,41,2,10.25,9,4,2,0,1,
Yash Thakur,Lucknow Super Giants ,Punjab Kings vs Lucknow Super Giants ,38,3.5,0,37,4,9.65,9,3,2,1,0,
Krunal Pandya,Lucknow Super Giants ,Punjab Kings vs Lucknow Super Giants ,38,1,0,13,0,13,2,1,1,1,0,
Mohammed Shami,Gujarat Titans,Gujarat Titans vs Kolkata Knight Riders,39,4,0,33,3,8.25,12,3,2,0,0,
Hardik Pandya,Gujarat Titans,Gujarat Titans vs Kolkata Knight Riders,39,3,0,34,0,11.33,9,3,3,1,0,
Rashid Khan,Gujarat Titans,Gujarat Titans vs Kolkata Knight Riders,39,4,0,54,0,13.5,3,3,4,1,0,
Josh Little,Gujarat Titans,Gujarat Titans vs Kolkata Knight Riders,39,4,0,25,2,6.25,12,2,1,0,0,
Noor Ahmad,Gujarat Titans,Gujarat Titans vs Kolkata Knight Riders,39,4,0,21,2,5.25,12,1,1,1,0,
Mohit Sharma,Gujarat Titans,Gujarat Titans vs Kolkata Knight Riders,39,1,0,12,0,12,1,0,1,0,0,
Harshit Rana,Kolkata Knight Riders,Gujarat Titans vs Kolkata Knight Riders,39,3,0,25,1,8.33,6,4,0,1,0,
Andre Russell,Kolkata Knight Riders,Gujarat Titans vs Kolkata Knight Riders,39,3,0,29,1,9.66,6,3,1,1,0,
Varun Chakravarthy,Kolkata Knight Riders,Gujarat Titans vs Kolkata Knight Riders,39,4,0,42,0,10.5,7,3,3,0,0,
Suyash Sharma,Kolkata Knight Riders,Gujarat Titans vs Kolkata Knight Riders,39,4,0,37,0,9.25,7,3,2,0,0,
Sunil Narine,Kolkata Knight Riders,Gujarat Titans vs Kolkata Knight Riders,39,3,0,24,1,8,3,1,1,0,0,
Nitish Rana,Kolkata Knight Riders,Gujarat Titans vs Kolkata Knight Riders,39,0.5,0,14,0,16.8,0,1,1,1,0,
Ishant Sharma,Delhi Capitals ,Delhi Capitals vs Sunrisers Hyderabad ,40,3,0,31,1,10.33,9,7,0,0,0,
Anrich Nortje,Delhi Capitals ,Delhi Capitals vs Sunrisers Hyderabad ,40,4,0,44,0,11,4,4,1,2,0,
Mukesh Kumar,Delhi Capitals ,Delhi Capitals vs Sunrisers Hyderabad ,40,2,0,38,0,19,2,4,2,2,1,
Mitchell Marsh,Delhi Capitals ,Delhi Capitals vs Sunrisers Hyderabad ,40,4,1,27,4,6.75,12,1,2,2,0,
Kuldeep Yadav,Delhi Capitals ,Delhi Capitals vs Sunrisers Hyderabad ,40,3,0,27,0,9,4,1,2,0,0,
Axar Patel,Delhi Capitals ,Delhi Capitals vs Sunrisers Hyderabad ,40,4,0,29,1,7.25,7,0,2,2,0,
Bhuvneshwar Kumar,Sunrisers Hyderabad ,Delhi Capitals vs Sunrisers Hyderabad ,40,4,0,45,1,11.25,5,3,2,3,0,
Akeal Hosein,Sunrisers Hyderabad ,Delhi Capitals vs Sunrisers Hyderabad ,40,4,0,40,1,10,6,4,2,0,0,
T Natarajan,Sunrisers Hyderabad ,Delhi Capitals vs Sunrisers Hyderabad ,40,4,0,34,1,8.5,4,2,1,0,0,
Umran Malik,Sunrisers Hyderabad ,Delhi Capitals vs Sunrisers Hyderabad ,40,1,0,22,0,22,0,2,2,0,0,
Mayank Markande,Sunrisers Hyderabad ,Delhi Capitals vs Sunrisers Hyderabad ,40,4,0,20,2,5,7,1,0,0,0,
Abhishek Sharma,Sunrisers Hyderabad ,Delhi Capitals vs Sunrisers Hyderabad ,40,3,0,26,1,8.66,5,2,1,0,0,
Arshdeep Singh,Punjab Kings ,Punjab Kings vs Chennai Super Kings ,41,4,0,37,1,9.25,8,5,0,3,0,
Kagiso Rabada,Punjab Kings ,Punjab Kings vs Chennai Super Kings ,41,4,0,34,0,8.5,8,4,1,1,0,
Sam Curran,Punjab Kings ,Punjab Kings vs Chennai Super Kings ,41,4,0,46,1,11.5,7,5,2,3,0,
Rahul Chahar,Punjab Kings ,Punjab Kings vs Chennai Super Kings ,41,4,0,35,1,8.75,7,2,2,0,0,
Sikandar Raza,Punjab Kings ,Punjab Kings vs Chennai Super Kings ,41,3,0,31,1,10.33,6,4,1,0,0,
Liam Livingstone,Punjab Kings ,Punjab Kings vs Chennai Super Kings ,41,1,0,16,0,16,0,3,0,0,0,
Akash Singh,Chennai Super Kings ,Punjab Kings vs Chennai Super Kings ,41,3,0,35,0,11.66,4,3,2,1,0,
Tushar Deshpande,Chennai Super Kings ,Punjab Kings vs Chennai Super Kings ,41,4,0,49,3,12.25,10,3,4,2,0,
Maheesh Theekshana,Chennai Super Kings ,Punjab Kings vs Chennai Super Kings ,41,4,0,36,0,9,5,4,0,1,0,
Ravindra Jadeja,Chennai Super Kings ,Punjab Kings vs Chennai Super Kings ,41,4,0,32,2,8,8,1,2,0,0,
Moeen Ali,Chennai Super Kings ,Punjab Kings vs Chennai Super Kings ,41,1,0,10,0,10,2,0,1,0,0,
Matheesha Pathirana,Chennai Super Kings ,Punjab Kings vs Chennai Super Kings ,41,4,0,32,1,8,6,2,0,1,0,
Cameron Green,Mumbai Indians ,Mumbai Indians vs Rajasthan Royals,42,3,0,31,0,10.33,10,2,2,4,0,
Jofra Archer,Mumbai Indians ,Mumbai Indians vs Rajasthan Royals,42,4,0,35,1,8.75,16,2,3,3,1,
Riley Meredith,Mumbai Indians ,Mumbai Indians vs Rajasthan Royals,42,4,0,51,1,12.75,7,9,1,2,0,
Piyush Chawla,Mumbai Indians ,Mumbai Indians vs Rajasthan Royals,42,4,0,34,2,8.5,11,2,3,0,0,
Kumar Kartikeya,Mumbai Indians ,Mumbai Indians vs Rajasthan Royals,42,2,0,14,0,7,6,1,1,0,0,
Arshad Khan,Mumbai Indians ,Mumbai Indians vs Rajasthan Royals,42,3,0,39,3,13,5,4,2,3,0,
Trent Boult,Rajasthan Royals,Mumbai Indians vs Rajasthan Royals,42,4,0,43,1,10.75,8,7,0,2,0,
Sandeep Sharma,Rajasthan Royals,Mumbai Indians vs Rajasthan Royals,42,4,0,35,1,8.75,5,3,1,2,0,
Ravichandran Ashwin,Rajasthan Royals,Mumbai Indians vs Rajasthan Royals,42,4,0,27,2,6.75,8,0,2,1,0,
Yuzvendra Chahal,Rajasthan Royals,Mumbai Indians vs Rajasthan Royals,42,3,0,32,0,10.66,5,3,2,0,0,
Jason Holder,Rajasthan Royals,Mumbai Indians vs Rajasthan Royals,42,3.3,0,55,0,15.71,4,5,4,2,0,
Kuldeep Sen,Rajasthan Royals,Mumbai Indians vs Rajasthan Royals,42,1,0,20,0,20,2,3,1,0,1,
Krunal Pandya,Lucknow Super Giants ,Lucknow Super Giants vs Royal Challengers Bangalore,43,4,0,21,0,5.25,8,1,0,0,0,
Marcus Stoinis,Lucknow Super Giants ,Lucknow Super Giants vs Royal Challengers Bangalore,43,1,0,11,0,11,0,1,0,0,0,
Naveen-ul-Haq,Lucknow Super Giants ,Lucknow Super Giants vs Royal Challengers Bangalore,43,4,0,30,3,7.5,8,3,1,0,0,
Ravi Bishnoi,Lucknow Super Giants ,Lucknow Super Giants vs Royal Challengers Bangalore,43,4,0,21,2,5.25,7,0,0,0,0,
Amit Mishra,Lucknow Super Giants ,Lucknow Super Giants vs Royal Challengers Bangalore,43,3,0,21,2,7,4,0,1,0,0,
Yash Thakur,Lucknow Super Giants ,Lucknow Super Giants vs Royal Challengers Bangalore,43,2,0,12,0,6,6,1,0,2,0,
Krishnappa Gowtham,Lucknow Super Giants ,Lucknow Super Giants vs Royal Challengers Bangalore,43,2,0,10,1,5,5,0,0,0,0,
Mohammed Siraj,Royal Challengers Bangalore,Lucknow Super Giants vs Royal Challengers Bangalore,43,3,0,24,1,8,11,4,0,3,1,
Josh Hazlewood,Royal Challengers Bangalore,Lucknow Super Giants vs Royal Challengers Bangalore,43,3,0,15,2,5,13,1,1,0,1,
Glenn Maxwell,Royal Challengers Bangalore,Lucknow Super Giants vs Royal Challengers Bangalore,43,1,0,3,1,3,3,0,0,0,0,
Wanindu Hasaranga,Royal Challengers Bangalore,Lucknow Super Giants vs Royal Challengers Bangalore,43,4,0,20,1,5,14,0,2,0,0,
Karn Sharma,Royal Challengers Bangalore,Lucknow Super Giants vs Royal Challengers Bangalore,43,4,0,20,2,5,12,1,1,0,0,
Harshal Patel,Royal Challengers Bangalore,Lucknow Super Giants vs Royal Challengers Bangalore,43,3.5,0,20,1,5.21,9,2,0,0,0,
Mahipal Lomror,Royal Challengers Bangalore,Lucknow Super Giants vs Royal Challengers Bangalore,43,1,0,4,0,4,2,0,0,0,0,
Mohammed Shami,Gujarat Titans,Gujarat Titans vs Delhi Capitals ,44,4,0,11,4,2.75,19,1,0,0,0,
Hardik Pandya,Gujarat Titans,Gujarat Titans vs Delhi Capitals ,44,1,0,10,0,10,3,2,0,0,1,
Josh Little,Gujarat Titans,Gujarat Titans vs Delhi Capitals ,44,3,0,27,0,9,6,4,0,0,0,
Rashid Khan,Gujarat Titans,Gujarat Titans vs Delhi Capitals ,44,4,0,28,1,7,12,0,3,1,0,
Noor Ahmad,Gujarat Titans,Gujarat Titans vs Delhi Capitals ,44,4,0,20,0,5,11,1,0,2,0,
Mohit Sharma,Gujarat Titans,Gujarat Titans vs Delhi Capitals ,44,4,0,33,2,8.25,7,1,2,0,0,
Khaleel Ahmed,Delhi Capitals ,Gujarat Titans vs Delhi Capitals ,44,4,1,24,2,6,12,4,0,0,0,
Ishant Sharma,Delhi Capitals ,Gujarat Titans vs Delhi Capitals ,44,4,0,23,2,5.75,12,2,0,1,0,
Anrich Nortje,Delhi Capitals ,Gujarat Titans vs Delhi Capitals ,44,4,0,39,1,9.75,11,2,3,2,0,
Kuldeep Yadav,Delhi Capitals ,Gujarat Titans vs Delhi Capitals ,44,4,0,15,1,3.75,9,0,0,0,0,
Axar Patel,Delhi Capitals ,Gujarat Titans vs Delhi Capitals ,44,4,0,24,0,6,10,1,1,1,0,
Deepak Chahar,Chennai Super Kings ,Chennai Super Kings  vs Lucknow Super Giants ,45,4,0,41,0,10.25,9,4,2,0,0,
Tushar Deshpande,Chennai Super Kings ,Chennai Super Kings  vs Lucknow Super Giants ,45,1,0,1,0,1,5,0,0,0,0,
Moeen Ali,Chennai Super Kings ,Chennai Super Kings  vs Lucknow Super Giants ,45,4,0,13,2,3.25,11,0,0,0,0,
Maheesh Theekshana,Chennai Super Kings ,Chennai Super Kings  vs Lucknow Super Giants ,45,4,0,37,2,9.25,7,2,2,0,0,
Ravindra Jadeja,Chennai Super Kings ,Chennai Super Kings  vs Lucknow Super Giants ,45,3,0,11,1,3.66,8,0,0,0,0,
Matheesha Pathirana,Chennai Super Kings ,Chennai Super Kings  vs Lucknow Super Giants ,45,3.2,0,22,2,6.6,6,0,0,2,0,
Cameron Green,Mumbai Indians ,Mumbai Indians vs Punjab Kings ,46,2,0,15,0,7.5,7,2,0,0,0,
Arshad Khan,Mumbai Indians ,Mumbai Indians vs Punjab Kings ,46,4,0,48,1,12,9,7,2,1,0,
Jofra Archer,Mumbai Indians ,Mumbai Indians vs Punjab Kings ,46,4,0,56,0,14,4,4,3,2,1,
Piyush Chawla,Mumbai Indians ,Mumbai Indians vs Punjab Kings ,46,4,0,29,2,7.25,7,4,0,0,0,
Kumar Kartikeya,Mumbai Indians ,Mumbai Indians vs Punjab Kings ,46,3,0,24,0,8,3,0,1,3,0,
Akash Madhwal,Mumbai Indians ,Mumbai Indians vs Punjab Kings ,46,3,0,37,0,12.33,1,3,1,0,1,
Rishi Dhawan,Punjab Kings ,Mumbai Indians vs Punjab Kings ,46,3,0,20,1,6.66,11,1,2,0,0,
Arshdeep Singh,Punjab Kings ,Mumbai Indians vs Punjab Kings ,46,3.5,0,66,1,17.21,4,8,4,2,0,
Sam Curran,Punjab Kings ,Mumbai Indians vs Punjab Kings ,46,3,0,41,0,13.66,3,5,2,1,0,
Nathan Ellis,Punjab Kings ,Mumbai Indians vs Punjab Kings ,46,4,0,34,2,8.5,4,3,0,0,0,
Rahul Chahar,Punjab Kings ,Mumbai Indians vs Punjab Kings ,46,3,0,30,0,10,5,5,0,0,0,
Harpreet Brar,Punjab Kings ,Mumbai Indians vs Punjab Kings ,46,2,0,21,0,10.5,1,1,1,0,0,
Bhuvneshwar Kumar,Sunrisers Hyderabad ,Sunrisers Hyderabad vs Kolkata Knight Riders,47,4,0,33,1,8.25,12,6,0,1,0,
Marco Jansen,Sunrisers Hyderabad ,Sunrisers Hyderabad vs Kolkata Knight Riders,47,3,0,24,2,8,7,3,0,0,1,
Kartik Tyagi,Sunrisers Hyderabad ,Sunrisers Hyderabad vs Kolkata Knight Riders,47,2,0,30,1,15,5,3,2,2,1,
Aiden Markram,Sunrisers Hyderabad ,Sunrisers Hyderabad vs Kolkata Knight Riders,47,3,0,24,1,8,5,2,1,0,0,
T Natarajan,Sunrisers Hyderabad ,Sunrisers Hyderabad vs Kolkata Knight Riders,47,4,0,30,2,7.5,9,1,1,2,0,
Mayank Markande,Sunrisers Hyderabad ,Sunrisers Hyderabad vs Kolkata Knight Riders,47,4,0,29,1,7.25,8,1,2,0,0,
Harshit Rana,Kolkata Knight Riders,Sunrisers Hyderabad vs Kolkata Knight Riders,47,4,0,27,1,6.75,13,1,2,2,0,
Vaibhav Arora,Kolkata Knight Riders,Sunrisers Hyderabad vs Kolkata Knight Riders,47,3,0,32,2,10.66,6,5,0,1,2,
Shardul Thakur,Kolkata Knight Riders,Sunrisers Hyderabad vs Kolkata Knight Riders,47,3,0,23,2,7.66,6,3,0,0,0,
Andre Russell,Kolkata Knight Riders,Sunrisers Hyderabad vs Kolkata Knight Riders,47,1,0,15,1,15,4,2,1,0,1,
Anukul Roy,Kolkata Knight Riders,Sunrisers Hyderabad vs Kolkata Knight Riders,47,3,0,26,1,8.66,6,1,2,1,0,
Sunil Narine,Kolkata Knight Riders,Sunrisers Hyderabad vs Kolkata Knight Riders,47,2,0,16,0,8,1,1,0,0,0,
Varun Chakravarthy,Kolkata Knight Riders,Sunrisers Hyderabad vs Kolkata Knight Riders,47,4,0,20,1,5,12,2,0,0,0,
Mohammed Shami,Gujarat Titans,Gujarat Titans vs Rajasthan Royals,48,4,0,27,1,6.75,13,2,1,2,0,
Hardik Pandya,Gujarat Titans,Gujarat Titans vs Rajasthan Royals,48,2,0,22,1,11,4,3,1,0,0,
Rashid Khan,Gujarat Titans,Gujarat Titans vs Rajasthan Royals,48,4,0,14,3,3.5,13,0,0,2,0,
Josh Little,Gujarat Titans,Gujarat Titans vs Rajasthan Royals,48,4,0,24,1,6,7,2,0,0,0,
Noor Ahmad,Gujarat Titans,Gujarat Titans vs Rajasthan Royals,48,3,0,25,2,8.33,7,2,1,3,0,
Mohit Sharma,Gujarat Titans,Gujarat Titans vs Rajasthan Royals,48,0.5,0,5,0,6,0,0,0,0,0,
Trent Boult,Rajasthan Royals,Gujarat Titans vs Rajasthan Royals,48,3,0,28,0,9.33,8,6,0,0,0,
Sandeep Sharma,Rajasthan Royals,Gujarat Titans vs Rajasthan Royals,48,3,0,19,0,6.33,9,3,0,0,1,
Adam Zampa,Rajasthan Royals,Gujarat Titans vs Rajasthan Royals,48,3,0,40,0,13.33,3,3,3,0,0,
Yuzvendra Chahal,Rajasthan Royals,Gujarat Titans vs Rajasthan Royals,48,3.5,0,22,1,5.73,7,1,0,0,0,
Ravichandran Ashwin,Rajasthan Royals,Gujarat Titans vs Rajasthan Royals,48,1,0,8,0,8,1,1,0,0,0,
Deepak Chahar,Chennai Super Kings ,Chennai Super Kings vs Mumbai Indians ,49,3,0,18,2,6,10,3,0,0,0,
Tushar Deshpande,Chennai Super Kings ,Chennai Super Kings vs Mumbai Indians ,49,4,0,26,2,6.5,9,2,0,1,0,
Ravindra Jadeja,Chennai Super Kings ,Chennai Super Kings vs Mumbai Indians ,49,4,0,37,1,9.25,5,5,0,1,0,
Moeen Ali,Chennai Super Kings ,Chennai Super Kings vs Mumbai Indians ,49,1,0,10,0,10,2,2,0,0,0,
Maheesh Theekshana,Chennai Super Kings ,Chennai Super Kings vs Mumbai Indians ,49,4,0,28,0,7,11,3,1,0,0,
Matheesha Pathirana,Chennai Super Kings ,Chennai Super Kings vs Mumbai Indians ,49,4,0,15,3,3.75,12,0,0,0,0,
Cameron Green,Mumbai Indians ,Chennai Super Kings vs Mumbai Indians ,49,1,0,10,0,10,4,2,0,1,1,
Jofra Archer,Mumbai Indians ,Chennai Super Kings vs Mumbai Indians ,49,4,0,24,0,6,11,3,0,1,0,
Arshad Khan,Mumbai Indians ,Chennai Super Kings vs Mumbai Indians ,49,1.4,0,28,0,16.8,3,2,3,0,0,
Piyush Chawla,Mumbai Indians ,Chennai Super Kings vs Mumbai Indians ,49,4,0,25,2,6.25,8,1,1,0,0,
Raghav Goyal,Mumbai Indians ,Chennai Super Kings vs Mumbai Indians ,49,4,0,33,0,8.25,7,1,2,0,0,
Tristan Stubbs,Mumbai Indians ,Chennai Super Kings vs Mumbai Indians ,49,2,0,14,1,7,3,0,1,0,0,
Akash Madhwal,Mumbai Indians ,Chennai Super Kings vs Mumbai Indians ,49,1,0,4,1,4,2,0,0,0,0,
Khaleel Ahmed,Delhi Capitals ,Delhi Capitals vs Royal Challengers Bangalore,50,4,0,45,1,11.25,7,3,3,1,0,
Axar Patel,Delhi Capitals ,Delhi Capitals vs Royal Challengers Bangalore,50,3,0,17,0,5.66,7,2,0,0,0,
Ishant Sharma,Delhi Capitals ,Delhi Capitals vs Royal Challengers Bangalore,50,3,0,29,0,9.66,5,4,0,2,0,
Mukesh Kumar,Delhi Capitals ,Delhi Capitals vs Royal Challengers Bangalore,50,3,0,30,1,10,6,5,0,1,0,
Mitchell Marsh,Delhi Capitals ,Delhi Capitals vs Royal Challengers Bangalore,50,3,0,21,2,7,3,0,1,1,0,
Kuldeep Yadav,Delhi Capitals ,Delhi Capitals vs Royal Challengers Bangalore,50,4,0,37,0,9.25,5,2,2,0,0,
Mohammed Siraj,Royal Challengers Bangalore,Delhi Capitals vs Royal Challengers Bangalore,50,2,0,28,0,14,4,3,2,1,0,
Glenn Maxwell,Royal Challengers Bangalore,Delhi Capitals vs Royal Challengers Bangalore,50,1.4,0,14,0,8.4,4,1,1,0,0,
Josh Hazlewood,Royal Challengers Bangalore,Delhi Capitals vs Royal Challengers Bangalore,50,3,0,29,1,9.66,9,2,2,0,1,
Wanindu Hasaranga,Royal Challengers Bangalore,Delhi Capitals vs Royal Challengers Bangalore,50,4,0,32,0,8,9,2,2,0,0,
Karn Sharma,Royal Challengers Bangalore,Delhi Capitals vs Royal Challengers Bangalore,50,3,0,33,1,11,4,4,1,0,0,
Mahipal Lomror,Royal Challengers Bangalore,Delhi Capitals vs Royal Challengers Bangalore,50,1,0,13,0,13,1,1,1,0,0,
Harshal Patel,Royal Challengers Bangalore,Delhi Capitals vs Royal Challengers Bangalore,50,2,0,32,1,16,4,2,3,1,0,
Mohsin Khan,Lucknow Super Giants ,Lucknow Super Giants vs Gujarat Titans,51,3,0,42,1,14,4,5,2,2,0,
Avesh Khan,Lucknow Super Giants ,Lucknow Super Giants vs Gujarat Titans,51,4,0,34,1,8.5,8,2,2,0,0,
Krunal Pandya,Lucknow Super Giants ,Lucknow Super Giants vs Gujarat Titans,51,4,0,38,0,9.5,5,2,2,0,0,
Yash Thakur,Lucknow Super Giants ,Lucknow Super Giants vs Gujarat Titans,51,4,0,48,0,12,4,2,4,1,0,
Ravi Bishnoi,Lucknow Super Giants ,Lucknow Super Giants vs Gujarat Titans,51,2,0,21,0,10.5,2,0,2,1,0,
Kyle Mayers,Lucknow Super Giants ,Lucknow Super Giants vs Gujarat Titans,51,1,0,16,0,16,1,3,0,0,1,
Swapnil Singh,Lucknow Super Giants ,Lucknow Super Giants vs Gujarat Titans,51,1,0,7,0,7,1,0,0,0,0,
Marcus Stoinis,Lucknow Super Giants ,Lucknow Super Giants vs Gujarat Titans,51,1,0,20,0,20,0,1,2,0,0,
Mohammed Shami,Gujarat Titans,Lucknow Super Giants vs Gujarat Titans,51,4,0,37,1,9.25,9,3,2,1,0,
Hardik Pandya,Gujarat Titans,Lucknow Super Giants vs Gujarat Titans,51,3,0,37,0,12.33,6,6,1,2,0,
Rashid Khan,Gujarat Titans,Lucknow Super Giants vs Gujarat Titans,51,4,0,34,1,8.5,6,1,2,0,0,
Noor Ahmad,Gujarat Titans,Lucknow Super Giants vs Gujarat Titans,51,4,0,26,1,6.5,11,4,0,1,0,
Mohit Sharma,Gujarat Titans,Lucknow Super Giants vs Gujarat Titans,51,4,0,29,4,7.25,9,1,2,1,0,
Alzarri Joseph,Gujarat Titans,Lucknow Super Giants vs Gujarat Titans,51,1,0,5,0,5,4,1,0,0,0,
Bhuvneshwar Kumar,Sunrisers Hyderabad ,Sunrisers Hyderabad vs Rajasthan Royals,52,4,0,44,1,11,7,6,1,2,0,
Marco Jansen,Sunrisers Hyderabad ,Sunrisers Hyderabad vs Rajasthan Royals,52,4,0,44,1,11,5,6,1,1,0,
T Natarajan,Sunrisers Hyderabad ,Sunrisers Hyderabad vs Rajasthan Royals,52,4,0,36,0,9,8,4,1,1,0,
Mayank Markande,Sunrisers Hyderabad ,Sunrisers Hyderabad vs Rajasthan Royals,52,4,0,51,0,12.75,7,1,6,0,0,
Abhishek Sharma,Sunrisers Hyderabad ,Sunrisers Hyderabad vs Rajasthan Royals,52,2,0,15,0,7.5,5,1,1,0,0,
Vivrant Sharma,Sunrisers Hyderabad ,Sunrisers Hyderabad vs Rajasthan Royals,52,2,0,18,0,9,4,1,1,1,0,
Sandeep Sharma,Rajasthan Royals,Sunrisers Hyderabad vs Rajasthan Royals,52,4,0,48,0,12,5,5,2,0,1,
Kuldip Yadav,Rajasthan Royals,Sunrisers Hyderabad vs Rajasthan Royals,52,4,0,50,1,12.5,5,2,4,0,0,
Ravichandran Ashwin,Rajasthan Royals,Sunrisers Hyderabad vs Rajasthan Royals,52,4,0,35,1,8.75,5,2,1,3,0,
Yuzvendra Chahal,Rajasthan Royals,Sunrisers Hyderabad vs Rajasthan Royals,52,4,0,29,4,7.25,11,3,1,0,0,
Murugan Ashwin,Rajasthan Royals,Sunrisers Hyderabad vs Rajasthan Royals,52,3,0,42,0,14,3,2,4,0,0,
Obed McCoy,Rajasthan Royals,Sunrisers Hyderabad vs Rajasthan Royals,52,1,0,13,0,13,2,1,1,1,0,
Vaibhav Arora,Kolkata Knight Riders,Kolkata Knight Riders vs Punjab Kings ,53,3,0,32,0,10.66,8,7,0,1,0,
Harshit Rana,Kolkata Knight Riders,Kolkata Knight Riders vs Punjab Kings ,53,3,0,33,2,11,9,4,2,0,1,
Andre Russell,Kolkata Knight Riders,Kolkata Knight Riders vs Punjab Kings ,53,1,0,19,0,19,1,4,0,0,1,
Varun Chakravarthy,Kolkata Knight Riders,Kolkata Knight Riders vs Punjab Kings ,53,4,0,26,3,6.5,11,2,1,1,0,
Suyash Sharma,Kolkata Knight Riders,Kolkata Knight Riders vs Punjab Kings ,53,4,0,26,1,6.5,12,1,2,1,0,
Sunil Narine,Kolkata Knight Riders,Kolkata Knight Riders vs Punjab Kings ,53,4,0,29,0,7.25,9,2,1,1,0,
Nitish Rana,Kolkata Knight Riders,Kolkata Knight Riders vs Punjab Kings ,53,1,0,7,1,7,3,1,0,0,0,
Rishi Dhawan,Punjab Kings ,Kolkata Knight Riders vs Punjab Kings ,53,2,0,15,0,7.5,5,2,0,0,0,
Arshdeep Singh,Punjab Kings ,Kolkata Knight Riders vs Punjab Kings ,53,4,0,39,0,9.75,10,6,1,1,0,
Nathan Ellis,Punjab Kings ,Kolkata Knight Riders vs Punjab Kings ,53,4,0,29,1,7.25,7,2,1,0,0,
Sam Curran,Punjab Kings ,Kolkata Knight Riders vs Punjab Kings ,53,3,0,44,0,14.66,5,5,3,1,0,
Liam Livingstone,Punjab Kings ,Kolkata Knight Riders vs Punjab Kings ,53,2,0,27,0,13.5,2,4,1,0,0,
Harpreet Brar,Punjab Kings ,Kolkata Knight Riders vs Punjab Kings ,53,1,0,4,1,4,2,0,0,0,0,
Rahul Chahar,Punjab Kings ,Kolkata Knight Riders vs Punjab Kings ,53,4,0,23,2,5.75,8,1,0,1,0,
Jason Behrendorff,Mumbai Indians ,Mumbai Indians vs Royal Challengers Bangalore,54,4,0,36,3,9,9,5,1,0,0,
Piyush Chawla,Mumbai Indians ,Mumbai Indians vs Royal Challengers Bangalore,54,4,0,41,0,10.25,8,5,2,0,0,
Cameron Green,Mumbai Indians ,Mumbai Indians vs Royal Challengers Bangalore,54,2,0,15,1,7.5,6,3,0,0,0,
Chris Jordan,Mumbai Indians ,Mumbai Indians vs Royal Challengers Bangalore,54,4,0,48,1,12,7,4,3,1,0,
Kumar Kartikeya,Mumbai Indians ,Mumbai Indians vs Royal Challengers Bangalore,54,4,0,35,1,8.75,6,3,1,1,0,
Akash Madhwal,Mumbai Indians ,Mumbai Indians vs Royal Challengers Bangalore,54,2,0,23,0,11.5,1,1,1,0,1,
Mohammed Siraj,Royal Challengers Bangalore,Mumbai Indians vs Royal Challengers Bangalore,54,3,0,31,0,10.33,10,2,3,1,0,
Josh Hazlewood,Royal Challengers Bangalore,Mumbai Indians vs Royal Challengers Bangalore,54,3,0,32,0,10.66,7,5,1,1,0,
Wanindu Hasaranga,Royal Challengers Bangalore,Mumbai Indians vs Royal Challengers Bangalore,54,4,0,53,2,13.25,5,2,5,1,0,
Vijaykumar Vyshak,Royal Challengers Bangalore,Mumbai Indians vs Royal Challengers Bangalore,54,3,0,37,2,12.33,7,2,3,1,1,
Harshal Patel,Royal Challengers Bangalore,Mumbai Indians vs Royal Challengers Bangalore,54,3.3,0,41,0,11.71,3,5,1,1,1,
Khaleel Ahmed,Delhi Capitals ,Delhi Capitals vs Chennai Super Kings ,55,4,0,32,1,8,9,1,2,2,0,
Ishant Sharma,Delhi Capitals ,Delhi Capitals vs Chennai Super Kings ,55,2,0,23,0,11.5,4,4,0,2,0,
Lalit Yadav,Delhi Capitals ,Delhi Capitals vs Chennai Super Kings ,55,3,0,34,1,11.33,6,2,3,0,0,
Axar Patel,Delhi Capitals ,Delhi Capitals vs Chennai Super Kings ,55,4,0,27,2,6.75,8,2,1,0,0,
Kuldeep Yadav,Delhi Capitals ,Delhi Capitals vs Chennai Super Kings ,55,4,0,28,1,7,6,0,1,3,0,
Mitchell Marsh,Delhi Capitals ,Delhi Capitals vs Chennai Super Kings ,55,3,0,18,3,6,7,1,0,3,0,
Deepak Chahar,Chennai Super Kings ,Delhi Capitals vs Chennai Super Kings ,55,3,0,28,2,9.33,10,3,2,1,0,
Tushar Deshpande,Chennai Super Kings ,Delhi Capitals vs Chennai Super Kings ,55,3,0,18,0,6,9,1,1,0,0,
Maheesh Theekshana,Chennai Super Kings ,Delhi Capitals vs Chennai Super Kings ,55,2,0,16,0,8,2,0,1,0,0,
Ravindra Jadeja,Chennai Super Kings ,Delhi Capitals vs Chennai Super Kings ,55,4,0,19,1,4.75,10,1,0,0,0,
Moeen Ali,Chennai Super Kings ,Delhi Capitals vs Chennai Super Kings ,55,4,0,16,0,4,13,0,1,0,0,
Matheesha Pathirana,Chennai Super Kings ,Delhi Capitals vs Chennai Super Kings ,55,4,0,37,3,9.25,11,5,1,4,0,
Trent Boult,Rajasthan Royals,Rajasthan Royals vs Kolkata Knight Riders,56,3,0,15,2,5,13,2,0,0,0,
Sandeep Sharma,Rajasthan Royals,Rajasthan Royals vs Kolkata Knight Riders,56,4,0,34,1,8.5,12,2,3,0,0,
Ravichandran Ashwin,Rajasthan Royals,Rajasthan Royals vs Kolkata Knight Riders,56,4,0,32,0,8,6,1,2,0,0,
Joe Root,Rajasthan Royals,Rajasthan Royals vs Kolkata Knight Riders,56,2,0,14,0,7,2,1,0,0,0,
Yuzvendra Chahal,Rajasthan Royals,Rajasthan Royals vs Kolkata Knight Riders,56,4,0,25,4,6.25,11,2,1,0,0,
KM Asif,Rajasthan Royals,Rajasthan Royals vs Kolkata Knight Riders,56,3,0,27,1,9,4,0,2,1,0,
Nitish Rana,Kolkata Knight Riders,Rajasthan Royals vs Kolkata Knight Riders,56,1,0,26,0,26,0,3,2,0,0,
Harshit Rana,Kolkata Knight Riders,Rajasthan Royals vs Kolkata Knight Riders,56,2,0,22,0,11,6,2,1,2,0,
Shardul Thakur,Kolkata Knight Riders,Rajasthan Royals vs Kolkata Knight Riders,56,1.1,0,18,0,15.42,1,4,0,0,0,
Varun Chakravarthy,Kolkata Knight Riders,Rajasthan Royals vs Kolkata Knight Riders,56,3,0,28,0,9.33,10,3,2,1,0,
Sunil Narine,Kolkata Knight Riders,Rajasthan Royals vs Kolkata Knight Riders,56,2,0,13,0,6.5,5,0,1,0,0,
Suyash Sharma,Kolkata Knight Riders,Rajasthan Royals vs Kolkata Knight Riders,56,3,0,22,0,7.33,7,2,1,0,0,
Anukul Roy,Kolkata Knight Riders,Rajasthan Royals vs Kolkata Knight Riders,56,1,0,20,0,20,1,0,3,0,0,
Mohammed Shami,Gujarat Titans,Gujarat Titans vs Mumbai Indians ,57,4,0,53,0,13.25,9,5,4,0,0,
Mohit Sharma,Gujarat Titans,Gujarat Titans vs Mumbai Indians ,57,4,0,43,1,10.75,10,6,2,0,0,
Rashid Khan,Gujarat Titans,Gujarat Titans vs Mumbai Indians ,57,4,0,30,4,7.5,10,5,0,0,0,
Noor Ahmad,Gujarat Titans,Gujarat Titans vs Mumbai Indians ,57,4,0,38,0,9.5,7,4,1,0,0,
Alzarri Joseph,Gujarat Titans,Gujarat Titans vs Mumbai Indians ,57,4,0,52,0,13,5,2,5,0,0,
Jason Behrendorff,Mumbai Indians ,Gujarat Titans vs Mumbai Indians ,57,4,0,37,1,9.25,8,5,1,1,0,
Akash Madhwal,Mumbai Indians ,Gujarat Titans vs Mumbai Indians ,57,4,0,31,3,7.75,11,4,1,0,0,
Chris Jordan,Mumbai Indians ,Gujarat Titans vs Mumbai Indians ,57,4,0,34,0,8.5,9,3,2,0,0,
Piyush Chawla,Mumbai Indians ,Gujarat Titans vs Mumbai Indians ,57,4,0,36,2,9,7,4,1,0,0,
Kumar Kartikeya,Mumbai Indians ,Gujarat Titans vs Mumbai Indians ,57,3,0,37,2,12.33,8,0,5,2,0,
Cameron Green,Mumbai Indians ,Gujarat Titans vs Mumbai Indians ,57,1,0,13,0,13,3,0,2,0,0,
Yudhvir Singh,Lucknow Super Giants ,Lucknow Super Giants vs Sunrisers Hyderabad ,58,3,0,24,1,8,8,4,0,1,0,
Kyle Mayers,Lucknow Super Giants ,Lucknow Super Giants vs Sunrisers Hyderabad ,58,1,0,11,0,11,3,2,0,0,1,
Krunal Pandya,Lucknow Super Giants ,Lucknow Super Giants vs Sunrisers Hyderabad ,58,4,0,24,2,6,12,2,1,0,0,
Avesh Khan,Lucknow Super Giants ,Lucknow Super Giants vs Sunrisers Hyderabad ,58,2,0,30,1,15,2,5,1,0,0,
Yash Thakur,Lucknow Super Giants ,Lucknow Super Giants vs Sunrisers Hyderabad ,58,4,0,28,1,7,11,1,2,0,0,
Amit Mishra,Lucknow Super Giants ,Lucknow Super Giants vs Sunrisers Hyderabad ,58,4,0,40,1,10,8,2,3,1,0,
Ravi Bishnoi,Lucknow Super Giants ,Lucknow Super Giants vs Sunrisers Hyderabad ,58,2,0,23,0,11.5,1,2,1,0,0,
Bhuvneshwar Kumar,Sunrisers Hyderabad ,Lucknow Super Giants vs Sunrisers Hyderabad ,58,4,0,30,0,7.5,8,3,1,0,0,
Fazalhaq Farooqi,Sunrisers Hyderabad ,Lucknow Super Giants vs Sunrisers Hyderabad ,58,3.2,0,32,0,9.6,8,5,0,4,0,
Glenn Phillips,Sunrisers Hyderabad ,Lucknow Super Giants vs Sunrisers Hyderabad ,58,2,0,10,1,5,5,1,0,0,0,
T Natarajan,Sunrisers Hyderabad ,Lucknow Super Giants vs Sunrisers Hyderabad ,58,4,0,31,0,7.75,8,1,2,0,0,
Mayank Markande,Sunrisers Hyderabad ,Lucknow Super Giants vs Sunrisers Hyderabad ,58,3,0,39,1,13,2,4,2,0,0,
Abhishek Sharma,Sunrisers Hyderabad ,Lucknow Super Giants vs Sunrisers Hyderabad ,58,3,0,42,1,14,6,1,5,1,0,
Khaleel Ahmed,Delhi Capitals ,Delhi Capitals vs Punjab Kings ,59,4,0,36,0,9,11,4,1,3,0,
Ishant Sharma,Delhi Capitals ,Delhi Capitals vs Punjab Kings ,59,3,0,27,2,9,8,4,1,0,0,
Axar Patel,Delhi Capitals ,Delhi Capitals vs Punjab Kings ,59,4,0,27,1,6.75,12,1,1,2,0,
Praveen Dubey,Delhi Capitals ,Delhi Capitals vs Punjab Kings ,59,3,0,19,1,6.33,8,1,1,1,0,
Kuldeep Yadav,Delhi Capitals ,Delhi Capitals vs Punjab Kings ,59,4,0,32,1,8,9,2,2,0,0,
Mitchell Marsh,Delhi Capitals ,Delhi Capitals vs Punjab Kings ,59,1,0,21,0,21,0,1,2,1,0,
Mukesh Kumar,Delhi Capitals ,Delhi Capitals vs Punjab Kings ,59,1,0,3,1,3,3,0,0,0,0,
Rishi Dhawan,Punjab Kings ,Delhi Capitals vs Punjab Kings ,59,1,0,10,0,10,2,2,0,0,0,
Sam Curran,Punjab Kings ,Delhi Capitals vs Punjab Kings ,59,2,0,18,0,9,4,3,0,0,0,
Harpreet Brar,Punjab Kings ,Delhi Capitals vs Punjab Kings ,59,4,0,30,4,7.5,11,5,0,1,0,
Nathan Ellis,Punjab Kings ,Delhi Capitals vs Punjab Kings ,59,4,0,26,2,6.5,6,2,0,1,0,
Arshdeep Singh,Punjab Kings ,Delhi Capitals vs Punjab Kings ,59,4,0,32,0,8,8,2,2,0,0,
Rahul Chahar,Punjab Kings ,Delhi Capitals vs Punjab Kings ,59,4,0,16,2,4,18,3,0,1,0,
Sikandar Raza,Punjab Kings ,Delhi Capitals vs Punjab Kings ,59,1,0,3,0,3,3,0,0,0,0,
Sandeep Sharma,Rajasthan Royals,Rajasthan Royals vs Royal Challengers Bangalore,60,4,0,34,1,8.5,4,4,0,1,0,
Adam Zampa,Rajasthan Royals,Rajasthan Royals vs Royal Challengers Bangalore,60,4,0,25,2,6.25,10,2,1,0,0,
Yuzvendra Chahal,Rajasthan Royals,Rajasthan Royals vs Royal Challengers Bangalore,60,4,0,37,0,9.25,4,3,1,1,0,
Ravichandran Ashwin,Rajasthan Royals,Rajasthan Royals vs Royal Challengers Bangalore,60,4,0,33,0,8.25,5,1,2,1,0,
KM Asif,Rajasthan Royals,Rajasthan Royals vs Royal Challengers Bangalore,60,4,0,42,2,10.5,8,2,3,1,0,
Mohammed Siraj,Royal Challengers Bangalore,Rajasthan Royals vs Royal Challengers Bangalore,60,2,0,10,1,5,9,2,0,1,0,
Wayne Parnell,Royal Challengers Bangalore,Rajasthan Royals vs Royal Challengers Bangalore,60,3,0,10,3,3.33,12,1,0,1,0,
Michael Bracewell,Royal Challengers Bangalore,Rajasthan Royals vs Royal Challengers Bangalore,60,3,0,16,2,5.33,10,1,1,0,0,
Karn Sharma,Royal Challengers Bangalore,Rajasthan Royals vs Royal Challengers Bangalore,60,1.3,0,19,2,12.66,5,0,3,0,0,
Glenn Maxwell,Royal Challengers Bangalore,Rajasthan Royals vs Royal Challengers Bangalore,60,1,0,3,1,3,4,0,0,0,0,
Vaibhav Arora,Kolkata Knight Riders,Kolkata Knight Riders vs Chennai Super Kings ,61,4,0,30,1,7.5,7,2,0,1,1,
Harshit Rana,Kolkata Knight Riders,Kolkata Knight Riders vs Chennai Super Kings ,61,2,0,19,0,9.5,5,2,1,0,0,
Varun Chakravarthy,Kolkata Knight Riders,Kolkata Knight Riders vs Chennai Super Kings ,61,4,0,36,2,9,5,2,1,1,0,
Sunil Narine,Kolkata Knight Riders,Kolkata Knight Riders vs Chennai Super Kings ,61,4,0,15,2,3.75,10,0,0,0,0,
Shardul Thakur,Kolkata Knight Riders,Kolkata Knight Riders vs Chennai Super Kings ,61,3,0,15,1,5,7,1,0,1,0,
Suyash Sharma,Kolkata Knight Riders,Kolkata Knight Riders vs Chennai Super Kings ,61,3,0,29,0,9.66,6,0,3,0,1,
Deepak Chahar,Chennai Super Kings ,Kolkata Knight Riders vs Chennai Super Kings ,61,3,0,27,3,9,7,3,1,2,0,
Tushar Deshpande,Chennai Super Kings ,Kolkata Knight Riders vs Chennai Super Kings ,61,3.3,0,25,0,7.14,11,2,1,2,0,
Moeen Ali,Chennai Super Kings ,Kolkata Knight Riders vs Chennai Super Kings ,61,4,0,31,0,7.75,8,5,0,0,0,
Maheesh Theekshana,Chennai Super Kings ,Kolkata Knight Riders vs Chennai Super Kings ,61,3,0,22,0,7.33,3,2,0,0,0,
Matheesha Pathirana,Chennai Super Kings ,Kolkata Knight Riders vs Chennai Super Kings ,61,3,0,23,0,7.66,8,1,0,2,1,
Ravindra Jadeja,Chennai Super Kings ,Kolkata Knight Riders vs Chennai Super Kings ,61,2,0,18,0,9,4,0,2,0,0,
Bhuvneshwar Kumar,Sunrisers Hyderabad ,Sunrisers Hyderabad vs Gujarat Titans,62,4,0,30,5,7.5,11,4,0,0,0,
Marco Jansen,Sunrisers Hyderabad ,Sunrisers Hyderabad vs Gujarat Titans,62,4,0,39,1,9.75,11,3,1,4,2,
Fazalhaq Farooqi,Sunrisers Hyderabad ,Sunrisers Hyderabad vs Gujarat Titans,62,3,0,31,1,10.33,3,4,0,1,0,
T Natarajan,Sunrisers Hyderabad ,Sunrisers Hyderabad vs Gujarat Titans,62,4,0,34,1,8.5,4,4,0,0,0,
Aiden Markram,Sunrisers Hyderabad ,Sunrisers Hyderabad vs Gujarat Titans,62,1,0,13,0,13,0,2,0,0,0,
Mayank Markande,Sunrisers Hyderabad ,Sunrisers Hyderabad vs Gujarat Titans,62,3,0,27,0,9,3,4,0,0,0,
Abhishek Sharma,Sunrisers Hyderabad ,Sunrisers Hyderabad vs Gujarat Titans,62,1,0,13,0,13,2,1,1,1,0,
Mohammed Shami,Gujarat Titans,Sunrisers Hyderabad vs Gujarat Titans,62,4,0,21,4,5.25,13,1,1,0,0,
Yash Dayal,Gujarat Titans,Sunrisers Hyderabad vs Gujarat Titans,62,4,0,31,1,7.75,11,4,0,4,0,
Rashid Khan,Gujarat Titans,Sunrisers Hyderabad vs Gujarat Titans,62,4,0,28,0,7,6,1,1,0,0,
Mohit Sharma,Gujarat Titans,Sunrisers Hyderabad vs Gujarat Titans,62,4,0,28,4,7,12,3,1,0,0,
Noor Ahmad,Gujarat Titans,Sunrisers Hyderabad vs Gujarat Titans,62,2.5,0,35,0,12.35,3,3,2,1,0,
Rahul Tewatia,Gujarat Titans,Sunrisers Hyderabad vs Gujarat Titans,62,1.1,0,7,0,6,3,1,0,0,0,
Jason Behrendorff,Mumbai Indians ,Mumbai Indians vs Lucknow Super Giants ,63,4,0,30,2,7.5,9,0,2,1,0,
Chris Jordan,Mumbai Indians ,Mumbai Indians vs Lucknow Super Giants ,63,4,0,50,0,12.5,7,3,4,2,0,
Hrithik Shokeen,Mumbai Indians ,Mumbai Indians vs Lucknow Super Giants ,63,3,0,20,0,6.66,9,1,1,0,0,
Piyush Chawla,Mumbai Indians ,Mumbai Indians vs Lucknow Super Giants ,63,3,0,26,1,8.66,5,0,2,0,0,
Akash Madhwal,Mumbai Indians ,Mumbai Indians vs Lucknow Super Giants ,63,4,0,30,0,7.5,7,1,1,2,0,
Cameron Green,Mumbai Indians ,Mumbai Indians vs Lucknow Super Giants ,63,2,0,16,0,8,5,1,1,0,0,
Krunal Pandya,Lucknow Super Giants ,Mumbai Indians vs Lucknow Super Giants ,63,4,0,27,0,6.75,10,4,0,0,0,
Mohsin Khan,Lucknow Super Giants ,Mumbai Indians vs Lucknow Super Giants ,63,3,0,26,1,8.66,8,1,2,2,0,
Naveen-ul-Haq,Lucknow Super Giants ,Mumbai Indians vs Lucknow Super Giants ,63,4,0,37,0,9.25,8,1,3,0,1,
Yash Thakur,Lucknow Super Giants ,Mumbai Indians vs Lucknow Super Giants ,63,4,0,40,2,10,9,2,2,5,1,
Swapnil Singh,Lucknow Super Giants ,Mumbai Indians vs Lucknow Super Giants ,63,1,0,11,0,11,1,2,0,0,0,
Ravi Bishnoi,Lucknow Super Giants ,Mumbai Indians vs Lucknow Super Giants ,63,4,0,26,2,6.5,9,2,0,1,0,
Sam Curran,Punjab Kings ,Punjab Kings vs Delhi Capitals ,64,4,0,36,2,9,9,4,1,1,0,
Kagiso Rabada,Punjab Kings ,Punjab Kings vs Delhi Capitals ,64,3,0,36,0,12,8,2,4,0,0,
Arshdeep Singh,Punjab Kings ,Punjab Kings vs Delhi Capitals ,64,2,0,21,0,10.5,4,2,1,2,0,
Nathan Ellis,Punjab Kings ,Punjab Kings vs Delhi Capitals ,64,4,0,46,0,11.5,6,5,2,0,0,
Rahul Chahar,Punjab Kings ,Punjab Kings vs Delhi Capitals ,64,4,0,35,0,8.75,7,4,1,0,0,
Harpreet Brar,Punjab Kings ,Punjab Kings vs Delhi Capitals ,64,3,0,39,0,13,2,3,2,2,0,
Khaleel Ahmed,Delhi Capitals ,Punjab Kings vs Delhi Capitals ,64,3,1,20,1,6.66,14,1,2,0,1,
Ishant Sharma,Delhi Capitals ,Punjab Kings vs Delhi Capitals ,64,3,0,36,2,12,10,5,2,0,1,
Anrich Nortje,Delhi Capitals ,Punjab Kings vs Delhi Capitals ,64,4,0,36,2,9,11,2,3,0,0,
Mukesh Kumar,Delhi Capitals ,Punjab Kings vs Delhi Capitals ,64,4,0,52,0,13,8,3,5,1,0,
Axar Patel,Delhi Capitals ,Punjab Kings vs Delhi Capitals ,64,3,0,27,1,9,3,4,0,0,0,
Kuldeep Yadav,Delhi Capitals ,Punjab Kings vs Delhi Capitals ,64,3,0,21,0,7,4,0,1,1,0,
Mohammed Siraj,Royal Challengers Bangalore,Royal Challengers Bangalore vs Sunrisers Hyderabad ,65,4,0,17,1,4.25,16,2,0,2,0,
Wayne Parnell,Royal Challengers Bangalore,Royal Challengers Bangalore vs Sunrisers Hyderabad ,65,4,0,35,0,8.75,5,3,1,0,0,
Michael Bracewell,Royal Challengers Bangalore,Royal Challengers Bangalore vs Sunrisers Hyderabad ,65,2,0,13,2,6.5,5,2,0,0,0,
Shahbaz Ahmed,Royal Challengers Bangalore,Royal Challengers Bangalore vs Sunrisers Hyderabad ,65,3,0,38,1,12.66,4,4,2,0,0,
Harshal Patel,Royal Challengers Bangalore,Royal Challengers Bangalore vs Sunrisers Hyderabad ,65,4,0,37,1,9.25,4,3,1,1,0,
Karn Sharma,Royal Challengers Bangalore,Royal Challengers Bangalore vs Sunrisers Hyderabad ,65,3,0,45,0,15,0,1,4,1,0,
Bhuvneshwar Kumar,Sunrisers Hyderabad ,Royal Challengers Bangalore vs Sunrisers Hyderabad ,65,4,0,48,1,12,10,7,2,1,0,
Abhishek Sharma,Sunrisers Hyderabad ,Royal Challengers Bangalore vs Sunrisers Hyderabad ,65,3,0,28,0,9.33,5,3,1,1,0,
T Natarajan,Sunrisers Hyderabad ,Royal Challengers Bangalore vs Sunrisers Hyderabad ,65,4,0,34,1,8.5,6,3,1,1,0,
Kartik Tyagi,Sunrisers Hyderabad ,Royal Challengers Bangalore vs Sunrisers Hyderabad ,65,1.2,0,21,0,15.75,1,4,0,1,0,
Nitish Kumar Reddy,Sunrisers Hyderabad ,Royal Challengers Bangalore vs Sunrisers Hyderabad ,65,2,0,19,0,9.5,3,1,1,0,1,
Mayank Dagar,Sunrisers Hyderabad ,Royal Challengers Bangalore vs Sunrisers Hyderabad ,65,4,0,25,0,6.25,8,1,1,0,0,
Glenn Phillips,Sunrisers Hyderabad ,Royal Challengers Bangalore vs Sunrisers Hyderabad ,65,1,0,10,0,10,1,1,0,0,0,
Trent Boult,Rajasthan Royals,Rajasthan Royals vs Punjab Kings ,66,4,0,35,1,8.75,12,3,2,1,0,
Sandeep Sharma,Rajasthan Royals,Rajasthan Royals vs Punjab Kings ,66,4,0,46,0,11.5,6,3,3,2,1,
Navdeep Saini,Rajasthan Royals,Rajasthan Royals vs Punjab Kings ,66,4,0,40,3,10,9,6,1,1,0,
Adam Zampa,Rajasthan Royals,Rajasthan Royals vs Punjab Kings ,66,4,0,26,1,6.5,6,2,0,0,0,
Yuzvendra Chahal,Rajasthan Royals,Rajasthan Royals vs Punjab Kings ,66,4,0,40,0,10,9,3,3,1,0,
Sam Curran,Punjab Kings ,Rajasthan Royals vs Punjab Kings ,66,4,0,46,1,11.5,9,8,1,2,0,
Kagiso Rabada,Punjab Kings ,Rajasthan Royals vs Punjab Kings ,66,4,0,40,2,10,12,2,4,1,1,
Arshdeep Singh,Punjab Kings ,Rajasthan Royals vs Punjab Kings ,66,4,0,40,1,10,11,4,2,3,0,
Nathan Ellis,Punjab Kings ,Rajasthan Royals vs Punjab Kings ,66,4,0,34,1,8.5,8,3,1,1,0,
Rahul Chahar,Punjab Kings ,Rajasthan Royals vs Punjab Kings ,66,3.4,0,28,1,7.63,5,1,1,0,0,
Khaleel Ahmed,Delhi Capitals ,Delhi Capitals vs Chennai Super Kings ,67,4,0,45,1,11.25,9,4,3,2,1,
Lalit Yadav,Delhi Capitals ,Delhi Capitals vs Chennai Super Kings ,67,2,0,32,0,16,1,3,2,2,0,
Axar Patel,Delhi Capitals ,Delhi Capitals vs Chennai Super Kings ,67,3,0,32,0,10.66,3,0,3,0,0,
Anrich Nortje,Delhi Capitals ,Delhi Capitals vs Chennai Super Kings ,67,4,0,43,1,10.75,8,4,3,0,0,
Chetan Sakariya,Delhi Capitals ,Delhi Capitals vs Chennai Super Kings ,67,4,0,36,1,9,9,5,0,3,1,
Kuldeep Yadav,Delhi Capitals ,Delhi Capitals vs Chennai Super Kings ,67,3,0,34,0,11.33,2,1,3,0,0,
Deepak Chahar,Chennai Super Kings ,Delhi Capitals vs Chennai Super Kings ,67,4,0,22,3,5.5,14,2,1,0,0,
Tushar Deshpande,Chennai Super Kings ,Delhi Capitals vs Chennai Super Kings ,67,4,0,26,1,6.5,12,4,0,1,0,
Maheesh Theekshana,Chennai Super Kings ,Delhi Capitals vs Chennai Super Kings ,67,4,1,23,2,5.75,11,1,1,0,0,
Ravindra Jadeja,Chennai Super Kings ,Delhi Capitals vs Chennai Super Kings ,67,4,0,50,1,12.5,4,3,4,1,0,
Matheesha Pathirana,Chennai Super Kings ,Delhi Capitals vs Chennai Super Kings ,67,4,0,22,2,5.5,11,1,0,5,0,
Harshit Rana,Kolkata Knight Riders,Kolkata Knight Riders vs Lucknow Super Giants ,68,3,0,21,1,7,11,3,1,0,0,
Vaibhav Arora,Kolkata Knight Riders,Kolkata Knight Riders vs Lucknow Super Giants ,68,4,0,30,2,7.5,9,1,1,3,1,
Varun Chakravarthy,Kolkata Knight Riders,Kolkata Knight Riders vs Lucknow Super Giants ,68,4,0,38,1,9.5,10,4,2,0,0,
Nitish Rana,Kolkata Knight Riders,Kolkata Knight Riders vs Lucknow Super Giants ,68,1,0,3,0,3,4,0,0,0,0,
Shardul Thakur,Kolkata Knight Riders,Kolkata Knight Riders vs Lucknow Super Giants ,68,2,0,27,2,13.5,3,0,3,1,1,
Sunil Narine,Kolkata Knight Riders,Kolkata Knight Riders vs Lucknow Super Giants ,68,4,0,28,2,7,8,2,1,1,0,
Suyash Sharma,Kolkata Knight Riders,Kolkata Knight Riders vs Lucknow Super Giants ,68,1,0,12,0,12,2,1,1,0,0,
Andre Russell,Kolkata Knight Riders,Kolkata Knight Riders vs Lucknow Super Giants ,68,1,0,12,0,12,2,1,1,0,0,
Mohsin Khan,Lucknow Super Giants ,Kolkata Knight Riders vs Lucknow Super Giants ,68,1,0,15,0,15,2,2,1,0,0,
Naveen-ul-Haq,Lucknow Super Giants ,Kolkata Knight Riders vs Lucknow Super Giants ,68,4,0,46,0,11.5,8,6,2,0,0,
Krunal Pandya,Lucknow Super Giants ,Kolkata Knight Riders vs Lucknow Super Giants ,68,4,0,30,1,7.5,9,5,0,0,0,
Krishnappa Gowtham,Lucknow Super Giants ,Kolkata Knight Riders vs Lucknow Super Giants ,68,4,0,26,1,6.5,9,2,0,2,0,
Ravi Bishnoi,Lucknow Super Giants ,Kolkata Knight Riders vs Lucknow Super Giants ,68,4,0,23,2,5.75,10,1,1,0,0,
Yash Thakur,Lucknow Super Giants ,Kolkata Knight Riders vs Lucknow Super Giants ,68,3,0,31,2,10.33,9,1,3,3,0,
Jason Behrendorff,Mumbai Indians ,Mumbai Indians vs Sunrisers Hyderabad ,69,3,0,36,0,12,7,4,2,3,0,
Cameron Green,Mumbai Indians ,Mumbai Indians vs Sunrisers Hyderabad ,69,1,0,2,0,2,4,0,0,0,0,
Chris Jordan,Mumbai Indians ,Mumbai Indians vs Sunrisers Hyderabad ,69,4,0,42,1,10.5,6,5,1,1,0,
Akash Madhwal,Mumbai Indians ,Mumbai Indians vs Sunrisers Hyderabad ,69,4,0,37,4,9.25,7,4,1,0,1,
Piyush Chawla,Mumbai Indians ,Mumbai Indians vs Sunrisers Hyderabad ,69,4,0,39,0,9.75,4,3,2,0,0,
Kumar Kartikeya,Mumbai Indians ,Mumbai Indians vs Sunrisers Hyderabad ,69,4,0,39,0,9.75,6,4,1,1,0,
Bhuvneshwar Kumar,Sunrisers Hyderabad ,Mumbai Indians vs Sunrisers Hyderabad ,69,4,0,26,1,6.5,8,3,0,0,0,
Nitish Kumar Reddy,Sunrisers Hyderabad ,Mumbai Indians vs Sunrisers Hyderabad ,69,3,0,35,0,11.66,7,1,4,0,0,
Mayank Dagar,Sunrisers Hyderabad ,Mumbai Indians vs Sunrisers Hyderabad ,69,4,0,37,1,9.25,9,4,2,0,0,
Kartik Tyagi,Sunrisers Hyderabad ,Mumbai Indians vs Sunrisers Hyderabad ,69,2.5,0,41,0,14.47,4,6,1,0,3,
Umran Malik,Sunrisers Hyderabad ,Mumbai Indians vs Sunrisers Hyderabad ,69,3,0,41,0,13.66,3,7,1,0,0,
Vivrant Sharma,Sunrisers Hyderabad ,Mumbai Indians vs Sunrisers Hyderabad ,69,1,0,19,0,19,1,0,2,1,1,
Aiden Markram,Sunrisers Hyderabad ,Mumbai Indians vs Sunrisers Hyderabad ,69,0.1,0,1,0,6,0,0,0,0,0,
Mohammed Shami,Gujarat Titans,Gujarat Titans vs Royal Challengers Bangalore,70,4,0,39,1,9.75,9,7,0,1,0,
Yash Dayal,Gujarat Titans,Gujarat Titans vs Royal Challengers Bangalore,70,4,0,39,1,9.75,7,5,1,0,0,
Rashid Khan,Gujarat Titans,Gujarat Titans vs Royal Challengers Bangalore,70,4,0,24,1,6,5,1,0,0,0,
Noor Ahmad,Gujarat Titans,Gujarat Titans vs Royal Challengers Bangalore,70,4,0,39,2,9.75,6,4,1,2,0,
Mohit Sharma,Gujarat Titans,Gujarat Titans vs Royal Challengers Bangalore,70,4,0,54,0,13.5,2,8,1,2,0,
Mohammed Siraj,Royal Challengers Bangalore,Gujarat Titans vs Royal Challengers Bangalore,70,4,0,32,2,8,11,2,2,2,0,
Wayne Parnell,Royal Challengers Bangalore,Gujarat Titans vs Royal Challengers Bangalore,70,3.1,0,42,0,13.26,7,6,2,1,1,
Vijaykumar Vyshak,Royal Challengers Bangalore,Gujarat Titans vs Royal Challengers Bangalore,70,4,0,40,1,10,6,2,2,2,0,
Himanshu Sharma,Royal Challengers Bangalore,Gujarat Titans vs Royal Challengers Bangalore,70,3,0,28,0,9.33,4,3,1,0,0,
Harshal Patel,Royal Challengers Bangalore,Gujarat Titans vs Royal Challengers Bangalore,70,4,0,29,1,7.25,11,2,1,2,0,
Michael Bracewell,Royal Challengers Bangalore,Gujarat Titans vs Royal Challengers Bangalore,70,1,0,16,0,16,2,0,2,0,0,
